CustomerID,FirstName,LastName,City,State,Country,Segment
CUST-0001,Sarah,Smith,Jacksonville,IL,United States,Consumer
CUST-0002,Sarah,Moore,Los Angeles,MI,United States,Consumer
CUST-0003,David,Miller,Houston,NC,United States,Corporate
CUST-0004,Michael,Moore,San Antonio,FL,United States,Consumer
CUST-0005,James,Garcia,Jacksonville,OH,United States,Consumer
CUST-0006,Michael,Anderson,Los Angeles,TX,United States,Consumer
CUST-0007,Olivia,Clark,Phoenix,CA,United States,Corporate
CUST-0008,Sarah,Jackson,Los Angeles,NC,United States,Consumer
CUST-0009,Victoria,Thomas,San Jose,FL,United States,Corporate
CUST-0010,Laura,Taylor,Los Angeles,FL,United States,Corporate
CUST-0011,Daniel,Harris,Austin,PA,United States,Consumer
CUST-0012,Michael,Wilson,Jacksonville,TX,United States,Corporate
CUST-0013,Natalie,Davis,Chicago,GA,United States,Consumer
CUST-0014,Natalie,Davis,Austin,PA,United States,Corporate
CUST-0015,Laura,Johnson,Columbus,PA,United States,Consumer
CUST-0016,Michael,Lee,Denver,PA,United States,Consumer
CUST-0017,Ryan,Harris,Chicago,IL,United States,Consumer
CUST-0018,Natalie,Wilson,Jacksonville,MI,United States,Consumer
CUST-0019,Ryan,Thomas,Houston,NY,United States,Consumer
CUST-0020,Maria,Brown,Chicago,NY,United States,Corporate
CUST-0021,Victoria,Williams,San Antonio,OH,United States,Consumer
CUST-0022,Jason,Wilson,Dallas,CA,United States,Corporate
CUST-0023,Natalie,Wilson,Columbus,PA,United States,Consumer
CUST-0024,Emma,Harris,New York,IL,United States,Home Office
CUST-0025,Jason,Brown,Charlotte,IL,United States,Corporate
CUST-0026,Victoria,Miller,Chicago,PA,United States,Corporate
CUST-0027,Jason,Smith,San Jose,PA,United States,Consumer
CUST-0028,Olivia,Taylor,Houston,CA,United States,Consumer
CUST-0029,David,Williams,Jacksonville,GA,United States,Corporate
CUST-0030,Chris,Jones,Austin,GA,United States,Home Office
CUST-0031,Daniel,Thompson,Charlotte,MI,United States,Consumer
CUST-0032,Natalie,Miller,Jacksonville,IL,United States,Consumer
CUST-0033,Olivia,Harris,Denver,NC,United States,Consumer
CUST-0034,Laura,Williams,Philadelphia,CA,United States,Consumer
CUST-0035,Brian,Davis,New York,TX,United States,Corporate
CUST-0036,Laura,Williams,Denver,CA,United States,Corporate
CUST-0037,Jason,Davis,Phoenix,GA,United States,Consumer
CUST-0038,Brian,Lee,San Diego,FL,United States,Corporate
CUST-0039,Michael,Brown,Los Angeles,OH,United States,Consumer
CUST-0040,Kevin,Johnson,Austin,TX,United States,Consumer
CUST-0041,Sarah,Davis,Houston,FL,United States,Consumer
CUST-0042,Chloe,Garcia,Phoenix,GA,United States,Consumer
CUST-0043,Kevin,Moore,Los Angeles,CA,United States,Corporate
CUST-0044,James,Williams,Denver,FL,United States,Consumer
CUST-0045,Mia,Miller,Charlotte,OH,United States,Home Office
CUST-0046,Ryan,Smith,San Antonio,IL,United States,Home Office
CUST-0047,Sofia,White,Jacksonville,NC,United States,Corporate
CUST-0048,Chris,Miller,Phoenix,FL,United States,Home Office
CUST-0049,Natalie,Johnson,Jacksonville,PA,United States,Consumer
CUST-0050,Mia,Thompson,Denver,NC,United States,Consumer
CUST-0051,David,Garcia,Los Angeles,MI,United States,Consumer
CUST-0052,Ryan,Brown,Denver,MI,United States,Consumer
CUST-0053,Maria,Clark,Los Angeles,OH,United States,Corporate
CUST-0054,Jason,Anderson,Denver,IL,United States,Consumer
CUST-0055,Laura,Wilson,San Antonio,NY,United States,Corporate
CUST-0056,Kevin,Anderson,Denver,TX,United States,Consumer
CUST-0057,Brian,Brown,Los Angeles,NC,United States,Consumer
CUST-0058,Chris,Thomas,Denver,TX,United States,Corporate
CUST-0059,Sofia,Garcia,San Diego,NC,United States,Corporate
CUST-0060,Jason,Smith,Austin,NC,United States,Consumer
CUST-0061,Sarah,Jones,Phoenix,TX,United States,Corporate
CUST-0062,Chris,Wilson,Phoenix,MI,United States,Consumer
CUST-0063,Michael,Wilson,Dallas,GA,United States,Consumer
CUST-0064,David,White,Charlotte,IL,United States,Consumer
CUST-0065,Chris,Wilson,Chicago,GA,United States,Consumer
CUST-0066,Natalie,Smith,Los Angeles,TX,United States,Home Office
CUST-0067,Chris,Moore,New York,PA,United States,Consumer
CUST-0068,Chloe,Jones,New York,IL,United States,Consumer
CUST-0069,Olivia,Miller,Austin,FL,United States,Corporate
CUST-0070,Natalie,White,San Jose,NY,United States,Home Office
CUST-0071,Emma,Garcia,Denver,OH,United States,Consumer
CUST-0072,Chloe,Davis,Phoenix,NY,United States,Corporate
CUST-0073,Ryan,Johnson,Charlotte,GA,United States,Consumer
CUST-0074,Olivia,Taylor,Charlotte,FL,United States,Consumer
CUST-0075,Michael,Jackson,Philadelphia,IL,United States,Corporate
CUST-0076,Olivia,Thompson,San Antonio,NC,United States,Consumer
CUST-0077,Sarah,Wilson,Chicago,MI,United States,Home Office
CUST-0078,Maria,Brown,San Jose,OH,United States,Consumer
CUST-0079,Chloe,Clark,Dallas,TX,United States,Consumer
CUST-0080,Michael,Wilson,New York,OH,United States,Consumer
CUST-0081,Michael,Thomas,San Antonio,TX,United States,Home Office
CUST-0082,Victoria,Anderson,Austin,TX,United States,Corporate
CUST-0083,Jason,Taylor,Austin,OH,United States,Consumer
CUST-0084,Sofia,Moore,Chicago,FL,United States,Consumer
CUST-0085,Emma,Clark,San Jose,IL,United States,Consumer
CUST-0086,Sofia,Taylor,Houston,OH,United States,Corporate
CUST-0087,Alex,Harris,San Diego,GA,United States,Corporate
CUST-0088,Mia,Garcia,Austin,TX,United States,Consumer
CUST-0089,Victoria,Anderson,Los Angeles,FL,United States,Corporate
CUST-0090,Michael,Jones,New York,CA,United States,Consumer
CUST-0091,Victoria,Williams,San Diego,OH,United States,Corporate
CUST-0092,Michael,Jackson,San Diego,OH,United States,Consumer
CUST-0093,James,Brown,Columbus,OH,United States,Consumer
CUST-0094,Jason,Harris,New York,NC,United States,Consumer
CUST-0095,Kevin,Jones,Columbus,GA,United States,Corporate
CUST-0096,Victoria,Anderson,Columbus,GA,United States,Corporate
CUST-0097,Chloe,Moore,San Diego,NY,United States,Corporate
CUST-0098,Kevin,Wilson,Columbus,FL,United States,Corporate
CUST-0099,Jason,Martin,Austin,FL,United States,Consumer
CUST-0100,Sofia,Davis,Phoenix,PA,United States,Consumer
CUST-0101,David,Jones,Chicago,FL,United States,Consumer
CUST-0102,Michael,Williams,San Antonio,OH,United States,Consumer
CUST-0103,Chloe,Johnson,Houston,OH,United States,Consumer
CUST-0104,James,Lee,San Antonio,GA,United States,Consumer
CUST-0105,Sofia,Jackson,Charlotte,OH,United States,Consumer
CUST-0106,Victoria,Davis,San Diego,FL,United States,Consumer
CUST-0107,James,Jackson,Philadelphia,OH,United States,Corporate
CUST-0108,Chris,Clark,Dallas,CA,United States,Home Office
CUST-0109,Brian,Smith,Los Angeles,OH,United States,Consumer
CUST-0110,Emma,Johnson,Phoenix,OH,United States,Consumer
CUST-0111,Alex,Anderson,Columbus,OH,United States,Consumer
CUST-0112,Daniel,Williams,San Diego,CA,United States,Corporate
CUST-0113,Olivia,Davis,Austin,TX,United States,Corporate
CUST-0114,Maria,Smith,Houston,FL,United States,Corporate
CUST-0115,Chris,Davis,Chicago,GA,United States,Corporate
CUST-0116,Michael,Harris,Jacksonville,IL,United States,Corporate
CUST-0117,Victoria,Clark,Jacksonville,TX,United States,Corporate
CUST-0118,Sofia,Brown,San Jose,CA,United States,Home Office
CUST-0119,Ryan,Jackson,Jacksonville,FL,United States,Consumer
CUST-0120,Laura,Brown,Jacksonville,IL,United States,Corporate
CUST-0121,Sarah,Lee,Columbus,CA,United States,Consumer
CUST-0122,Olivia,Williams,Dallas,PA,United States,Consumer
CUST-0123,Mia,Brown,San Antonio,PA,United States,Corporate
CUST-0124,Chris,White,Chicago,NC,United States,Home Office
CUST-0125,Victoria,Moore,Columbus,GA,United States,Consumer
CUST-0126,Daniel,Anderson,Charlotte,FL,United States,Corporate
CUST-0127,Daniel,Harris,Houston,GA,United States,Consumer
CUST-0128,Ryan,Anderson,New York,GA,United States,Corporate
CUST-0129,Mia,Miller,Philadelphia,IL,United States,Consumer
CUST-0130,Daniel,Moore,New York,NC,United States,Home Office
CUST-0131,Laura,White,San Diego,NC,United States,Corporate
CUST-0132,Mia,Martin,San Diego,CA,United States,Consumer
CUST-0133,Ryan,Davis,Phoenix,MI,United States,Consumer
CUST-0134,Jason,Thomas,San Antonio,NC,United States,Consumer
CUST-0135,Kevin,Wilson,Phoenix,IL,United States,Consumer
CUST-0136,Alex,Brown,Jacksonville,NC,United States,Home Office
CUST-0137,Emma,Miller,Houston,GA,United States,Consumer
CUST-0138,Jason,Clark,Phoenix,TX,United States,Corporate
CUST-0139,Laura,Thomas,Chicago,IL,United States,Consumer
CUST-0140,Chris,Wilson,New York,CA,United States,Consumer
CUST-0141,Chris,Martin,Los Angeles,CA,United States,Consumer
CUST-0142,Mia,Harris,Philadelphia,NY,United States,Home Office
CUST-0143,Mia,Brown,Charlotte,TX,United States,Consumer
CUST-0144,Brian,Johnson,Chicago,NY,United States,Corporate
CUST-0145,David,Davis,Los Angeles,NC,United States,Corporate
CUST-0146,Victoria,Clark,Houston,NC,United States,Consumer
CUST-0147,Sofia,Lee,San Antonio,IL,United States,Consumer
CUST-0148,Victoria,Brown,Columbus,FL,United States,Corporate
CUST-0149,David,Garcia,Houston,NY,United States,Consumer
CUST-0150,James,White,San Diego,MI,United States,Consumer
CUST-0151,Laura,Taylor,Jacksonville,IL,United States,Corporate
CUST-0152,David,Davis,Denver,IL,United States,Corporate
CUST-0153,Brian,Miller,San Antonio,TX,United States,Consumer
CUST-0154,Chris,Wilson,Charlotte,NY,United States,Consumer
CUST-0155,Sofia,Clark,Jacksonville,MI,United States,Home Office
CUST-0156,Sarah,Harris,Jacksonville,IL,United States,Corporate
CUST-0157,Jason,Moore,San Diego,GA,United States,Consumer
CUST-0158,Chloe,Anderson,San Jose,IL,United States,Consumer
CUST-0159,Brian,Lee,New York,IL,United States,Consumer
CUST-0160,Mia,Thompson,Austin,GA,United States,Home Office
CUST-0161,Brian,White,Austin,GA,United States,Home Office
CUST-0162,Olivia,White,Philadelphia,PA,United States,Corporate
CUST-0163,Alex,White,Jacksonville,GA,United States,Consumer
CUST-0164,Natalie,Johnson,San Diego,TX,United States,Consumer
CUST-0165,Sarah,Jackson,Charlotte,NC,United States,Corporate
CUST-0166,Natalie,Harris,San Antonio,CA,United States,Consumer
CUST-0167,Victoria,Martin,Austin,GA,United States,Corporate
CUST-0168,Daniel,Moore,Chicago,IL,United States,Consumer
CUST-0169,Mia,Brown,New York,MI,United States,Corporate
CUST-0170,Emma,Taylor,Dallas,CA,United States,Consumer
CUST-0171,Laura,Brown,San Diego,TX,United States,Corporate
CUST-0172,Mia,Taylor,Dallas,IL,United States,Consumer
CUST-0173,Mia,Davis,San Diego,NC,United States,Consumer
CUST-0174,Victoria,Thompson,Jacksonville,NY,United States,Corporate
CUST-0175,Chloe,Anderson,Denver,NC,United States,Consumer
CUST-0176,Sofia,Taylor,Charlotte,MI,United States,Consumer
CUST-0177,Mia,Jones,San Diego,NC,United States,Consumer
CUST-0178,Natalie,Moore,San Antonio,GA,United States,Home Office
CUST-0179,Laura,Lee,San Antonio,FL,United States,Corporate
CUST-0180,Maria,Anderson,Jacksonville,GA,United States,Corporate
CUST-0181,Ryan,Jones,San Diego,CA,United States,Consumer
CUST-0182,Alex,Brown,Charlotte,GA,United States,Consumer
CUST-0183,James,Jones,San Antonio,NY,United States,Consumer
CUST-0184,Alex,Clark,Jacksonville,OH,United States,Corporate
CUST-0185,Natalie,Jackson,Philadelphia,GA,United States,Corporate
CUST-0186,Victoria,Williams,Houston,IL,United States,Home Office
CUST-0187,Chloe,Brown,Columbus,TX,United States,Consumer
CUST-0188,Sofia,Smith,New York,PA,United States,Corporate
CUST-0189,Olivia,Thomas,San Antonio,NY,United States,Consumer
CUST-0190,Brian,Garcia,Chicago,NY,United States,Consumer
CUST-0191,Victoria,Davis,San Diego,MI,United States,Consumer
CUST-0192,Daniel,Harris,Phoenix,CA,United States,Corporate
CUST-0193,Sofia,Moore,Chicago,TX,United States,Consumer
CUST-0194,Brian,Taylor,Austin,OH,United States,Corporate
CUST-0195,Sofia,Miller,San Antonio,GA,United States,Consumer
CUST-0196,Brian,Thomas,San Jose,IL,United States,Home Office
CUST-0197,James,Jackson,Phoenix,CA,United States,Consumer
CUST-0198,Maria,Clark,Jacksonville,GA,United States,Corporate
CUST-0199,Laura,Clark,Columbus,PA,United States,Consumer
CUST-0200,Victoria,Wilson,Austin,NY,United States,Corporate
CUST-0201,Maria,Taylor,Columbus,GA,United States,Consumer
CUST-0202,Chris,Williams,Denver,IL,United States,Consumer
CUST-0203,Emma,Miller,Chicago,NC,United States,Corporate
CUST-0204,Jason,Thompson,Denver,IL,United States,Corporate
CUST-0205,Mia,Taylor,Jacksonville,PA,United States,Corporate
CUST-0206,David,Jones,Columbus,FL,United States,Corporate
CUST-0207,Ryan,Moore,Philadelphia,TX,United States,Corporate
CUST-0208,Daniel,Moore,Los Angeles,GA,United States,Consumer
CUST-0209,Daniel,Lee,San Antonio,PA,United States,Consumer
CUST-0210,Mia,Smith,San Jose,NC,United States,Consumer
CUST-0211,Laura,Williams,Austin,GA,United States,Home Office
CUST-0212,Chloe,Brown,Chicago,CA,United States,Home Office
CUST-0213,Mia,Brown,Los Angeles,FL,United States,Corporate
CUST-0214,Ryan,Harris,Philadelphia,NC,United States,Consumer
CUST-0215,Chloe,Brown,Charlotte,GA,United States,Corporate
CUST-0216,Maria,Thomas,Houston,GA,United States,Consumer
CUST-0217,Olivia,Brown,Austin,PA,United States,Consumer
CUST-0218,Olivia,Johnson,San Antonio,IL,United States,Consumer
CUST-0219,Kevin,Williams,Austin,FL,United States,Corporate
CUST-0220,James,Johnson,Columbus,PA,United States,Consumer
CUST-0221,Brian,Miller,Los Angeles,NC,United States,Consumer
CUST-0222,Laura,Anderson,Columbus,NY,United States,Corporate
CUST-0223,James,Wilson,Charlotte,NY,United States,Home Office
CUST-0224,Daniel,Garcia,Los Angeles,CA,United States,Consumer
CUST-0225,Laura,Lee,Philadelphia,CA,United States,Consumer
CUST-0226,Chris,White,Dallas,TX,United States,Corporate
CUST-0227,Kevin,Thomas,Dallas,MI,United States,Consumer
CUST-0228,Laura,Clark,New York,NC,United States,Consumer
CUST-0229,James,Johnson,San Diego,OH,United States,Consumer
CUST-0230,Mia,Harris,Los Angeles,TX,United States,Consumer
CUST-0231,David,Jones,Phoenix,MI,United States,Corporate
CUST-0232,Alex,Jackson,San Jose,NC,United States,Consumer
CUST-0233,Victoria,White,Los Angeles,TX,United States,Corporate
CUST-0234,Natalie,Miller,San Antonio,GA,United States,Corporate
CUST-0235,Alex,Harris,San Antonio,OH,United States,Corporate
CUST-0236,Chloe,Anderson,Austin,IL,United States,Consumer
CUST-0237,Mia,Williams,Los Angeles,TX,United States,Consumer
CUST-0238,Olivia,Jones,Dallas,CA,United States,Consumer
CUST-0239,Natalie,Anderson,Austin,TX,United States,Consumer
CUST-0240,Chloe,Johnson,Phoenix,MI,United States,Consumer
CUST-0241,Brian,Thompson,Houston,NY,United States,Corporate
CUST-0242,Sarah,Thomas,Charlotte,NC,United States,Consumer
CUST-0243,Brian,Davis,Columbus,OH,United States,Corporate
CUST-0244,Victoria,Moore,New York,MI,United States,Home Office
CUST-0245,Daniel,Smith,Chicago,IL,United States,Corporate
CUST-0246,Alex,Thomas,New York,NY,United States,Corporate
CUST-0247,Ryan,Williams,Chicago,CA,United States,Consumer
CUST-0248,Michael,Jackson,San Antonio,GA,United States,Consumer
CUST-0249,Sofia,Anderson,Columbus,MI,United States,Consumer
CUST-0250,Chris,Garcia,Columbus,MI,United States,Consumer
CUST-0251,Daniel,Harris,Austin,OH,United States,Consumer
CUST-0252,Chloe,Wilson,Houston,NC,United States,Consumer
CUST-0253,Sarah,Taylor,Austin,MI,United States,Consumer
CUST-0254,Sofia,Johnson,Houston,OH,United States,Home Office
CUST-0255,James,Miller,Phoenix,FL,United States,Corporate
CUST-0256,Sofia,Anderson,Los Angeles,CA,United States,Consumer
CUST-0257,Emma,Jones,San Antonio,NC,United States,Corporate
CUST-0258,Natalie,Thomas,Los Angeles,OH,United States,Corporate
CUST-0259,Chloe,Smith,San Diego,TX,United States,Corporate
CUST-0260,Chloe,Lee,San Antonio,OH,United States,Consumer
CUST-0261,James,Anderson,Chicago,MI,United States,Consumer
CUST-0262,Olivia,Williams,San Antonio,TX,United States,Consumer
CUST-0263,Ryan,Thompson,Los Angeles,OH,United States,Corporate
CUST-0264,Laura,Anderson,Columbus,NY,United States,Consumer
CUST-0265,Sarah,Thompson,Dallas,FL,United States,Home Office
CUST-0266,Olivia,Jones,Houston,TX,United States,Consumer
CUST-0267,Emma,Clark,Chicago,TX,United States,Consumer
CUST-0268,Mia,Harris,Columbus,MI,United States,Corporate
CUST-0269,Brian,Clark,Philadelphia,PA,United States,Consumer
CUST-0270,Mia,Harris,Austin,IL,United States,Corporate
CUST-0271,Maria,Thomas,Dallas,TX,United States,Consumer
CUST-0272,Maria,Johnson,Philadelphia,IL,United States,Consumer
CUST-0273,Victoria,Clark,Dallas,OH,United States,Consumer
CUST-0274,Maria,Harris,Denver,MI,United States,Corporate
CUST-0275,Victoria,Martin,Dallas,NY,United States,Home Office
CUST-0276,Sarah,Anderson,Jacksonville,TX,United States,Consumer
CUST-0277,Maria,Davis,Jacksonville,GA,United States,Home Office
CUST-0278,Jason,Clark,Chicago,PA,United States,Consumer
CUST-0279,Ryan,White,Columbus,PA,United States,Corporate
CUST-0280,Alex,Williams,Philadelphia,TX,United States,Consumer
CUST-0281,Sofia,Wilson,Jacksonville,MI,United States,Corporate
CUST-0282,David,Lee,Austin,NY,United States,Home Office
CUST-0283,Ryan,Jones,San Jose,TX,United States,Consumer
CUST-0284,Alex,Jones,Austin,NC,United States,Consumer
CUST-0285,Chloe,Thompson,Philadelphia,CA,United States,Consumer
CUST-0286,Michael,Anderson,Columbus,GA,United States,Consumer
CUST-0287,Chris,Williams,Phoenix,TX,United States,Consumer
CUST-0288,Jason,Johnson,Austin,PA,United States,Corporate
CUST-0289,Chris,Clark,San Antonio,NY,United States,Consumer
CUST-0290,Victoria,Garcia,Jacksonville,GA,United States,Consumer
CUST-0291,Laura,Harris,San Jose,IL,United States,Corporate
CUST-0292,Laura,Moore,Houston,IL,United States,Home Office
CUST-0293,Michael,Thomas,Austin,MI,United States,Home Office
CUST-0294,Sofia,Jackson,Dallas,NC,United States,Consumer
CUST-0295,Michael,Clark,Chicago,IL,United States,Consumer
CUST-0296,Olivia,Moore,Denver,TX,United States,Corporate
CUST-0297,Sarah,Taylor,Los Angeles,NY,United States,Consumer
CUST-0298,Chris,White,Los Angeles,FL,United States,Corporate
CUST-0299,James,White,New York,OH,United States,Consumer
CUST-0300,Ryan,Williams,Philadelphia,FL,United States,Consumer
CUST-0301,Alex,Jones,Chicago,CA,United States,Consumer
CUST-0302,Chris,Martin,San Diego,MI,United States,Consumer
CUST-0303,James,Wilson,Houston,NY,United States,Consumer
CUST-0304,Jason,White,Los Angeles,IL,United States,Consumer
CUST-0305,Maria,Davis,San Antonio,MI,United States,Consumer
CUST-0306,Mia,Clark,Dallas,CA,United States,Corporate
CUST-0307,Laura,Jones,Phoenix,OH,United States,Consumer
CUST-0308,Laura,Lee,San Antonio,NY,United States,Corporate
CUST-0309,Jason,Thomas,Los Angeles,NC,United States,Consumer
CUST-0310,Natalie,Smith,San Antonio,GA,United States,Consumer
CUST-0311,Olivia,Wilson,Jacksonville,CA,United States,Consumer
CUST-0312,Olivia,Davis,Jacksonville,TX,United States,Corporate
CUST-0313,Chris,Johnson,Philadelphia,NC,United States,Consumer
CUST-0314,Emma,Harris,Jacksonville,GA,United States,Corporate
CUST-0315,David,Harris,New York,IL,United States,Consumer
CUST-0316,Maria,Anderson,Denver,IL,United States,Consumer
CUST-0317,Mia,Wilson,New York,FL,United States,Consumer
CUST-0318,Alex,Wilson,Los Angeles,PA,United States,Consumer
CUST-0319,Kevin,Jackson,Philadelphia,NY,United States,Consumer
CUST-0320,Olivia,Thompson,Phoenix,TX,United States,Corporate
CUST-0321,Chloe,Clark,Charlotte,NY,United States,Consumer
CUST-0322,Sarah,Williams,Philadelphia,IL,United States,Consumer
CUST-0323,Chloe,Garcia,Jacksonville,GA,United States,Consumer
CUST-0324,Olivia,Clark,San Antonio,IL,United States,Corporate
CUST-0325,David,Jackson,Philadelphia,NC,United States,Corporate
CUST-0326,Emma,Smith,Chicago,MI,United States,Corporate
CUST-0327,Maria,Jones,Los Angeles,FL,United States,Corporate
CUST-0328,Olivia,Jackson,San Jose,CA,United States,Corporate
CUST-0329,Kevin,Thomas,Philadelphia,GA,United States,Corporate
CUST-0330,Chris,Thompson,Philadelphia,OH,United States,Consumer
CUST-0331,Laura,Brown,New York,NY,United States,Consumer
CUST-0332,Natalie,Brown,Phoenix,IL,United States,Corporate
CUST-0333,Victoria,Taylor,Jacksonville,GA,United States,Consumer
CUST-0334,David,Harris,Chicago,GA,United States,Home Office
CUST-0335,Alex,Thomas,Jacksonville,TX,United States,Consumer
CUST-0336,Sofia,Garcia,Jacksonville,NY,United States,Corporate
CUST-0337,Laura,Brown,Houston,NY,United States,Consumer
CUST-0338,James,Thomas,Dallas,MI,United States,Consumer
CUST-0339,Chris,Clark,Denver,TX,United States,Consumer
CUST-0340,Mia,Thompson,San Antonio,OH,United States,Corporate
CUST-0341,Chris,Anderson,Austin,TX,United States,Consumer
CUST-0342,Jason,Thomas,Chicago,NC,United States,Corporate
CUST-0343,Chris,White,Dallas,CA,United States,Corporate
CUST-0344,Chris,Taylor,Chicago,NY,United States,Consumer
CUST-0345,Laura,Thomas,Dallas,IL,United States,Corporate
CUST-0346,Michael,Moore,Phoenix,NY,United States,Corporate
CUST-0347,Natalie,Williams,Dallas,NY,United States,Consumer
CUST-0348,Chris,Garcia,Austin,MI,United States,Corporate
CUST-0349,Alex,Lee,New York,CA,United States,Consumer
CUST-0350,Brian,Wilson,Austin,FL,United States,Corporate
CUST-0351,Victoria,Smith,San Diego,NC,United States,Consumer
CUST-0352,Mia,Davis,Columbus,OH,United States,Consumer
CUST-0353,Maria,Garcia,San Diego,OH,United States,Consumer
CUST-0354,Alex,Clark,Chicago,PA,United States,Corporate
CUST-0355,Olivia,Jackson,Chicago,PA,United States,Consumer
CUST-0356,Alex,Davis,San Diego,TX,United States,Consumer
CUST-0357,Chris,Brown,New York,IL,United States,Home Office
CUST-0358,Chloe,Davis,Charlotte,NY,United States,Corporate
CUST-0359,Alex,Miller,Columbus,NY,United States,Consumer
CUST-0360,Kevin,Martin,Denver,IL,United States,Consumer
CUST-0361,Ryan,Thompson,San Diego,FL,United States,Consumer
CUST-0362,Maria,Johnson,Phoenix,GA,United States,Consumer
CUST-0363,Mia,Taylor,Dallas,CA,United States,Corporate
CUST-0364,Chris,Wilson,Jacksonville,PA,United States,Corporate
CUST-0365,Maria,Jackson,New York,MI,United States,Consumer
CUST-0366,Natalie,Taylor,Los Angeles,OH,United States,Consumer
CUST-0367,Daniel,Clark,Austin,MI,United States,Consumer
CUST-0368,Ryan,Thomas,Columbus,PA,United States,Consumer
CUST-0369,Chris,Miller,San Jose,NC,United States,Consumer
CUST-0370,Maria,Johnson,Chicago,PA,United States,Corporate
CUST-0371,Kevin,Jones,San Jose,NC,United States,Consumer
CUST-0372,Alex,Garcia,San Antonio,MI,United States,Corporate
CUST-0373,Brian,Anderson,Dallas,NC,United States,Consumer
CUST-0374,Brian,Taylor,San Diego,CA,United States,Consumer
CUST-0375,Sarah,White,San Jose,IL,United States,Corporate
CUST-0376,James,Clark,San Diego,IL,United States,Home Office
CUST-0377,Brian,Davis,Jacksonville,CA,United States,Consumer
CUST-0378,Jason,Clark,Columbus,OH,United States,Consumer
CUST-0379,Laura,Johnson,San Jose,TX,United States,Consumer
CUST-0380,Alex,White,Chicago,OH,United States,Corporate
CUST-0381,Jason,Clark,Denver,GA,United States,Corporate
CUST-0382,Chris,Thompson,Houston,NC,United States,Consumer
CUST-0383,Mia,Thompson,San Antonio,PA,United States,Home Office
CUST-0384,Natalie,Anderson,Dallas,PA,United States,Corporate
CUST-0385,Daniel,Clark,San Diego,FL,United States,Home Office
CUST-0386,Natalie,Taylor,Houston,IL,United States,Corporate
CUST-0387,Michael,Martin,Philadelphia,GA,United States,Consumer
CUST-0388,Sofia,Brown,San Jose,NC,United States,Consumer
CUST-0389,Olivia,Jones,Phoenix,CA,United States,Consumer
CUST-0390,Olivia,Harris,Austin,IL,United States,Corporate
CUST-0391,Michael,Moore,Phoenix,NC,United States,Corporate
CUST-0392,Sarah,Clark,Jacksonville,MI,United States,Consumer
CUST-0393,Jason,Davis,Austin,FL,United States,Consumer
CUST-0394,Alex,Martin,Los Angeles,NY,United States,Consumer
CUST-0395,Emma,White,Austin,GA,United States,Consumer
CUST-0396,Sofia,Anderson,Phoenix,CA,United States,Home Office
CUST-0397,Brian,Davis,Dallas,CA,United States,Home Office
CUST-0398,Chloe,Garcia,Denver,CA,United States,Home Office
CUST-0399,Mia,Garcia,Denver,IL,United States,Corporate
CUST-0400,Sofia,Lee,San Jose,TX,United States,Home Office
CUST-0401,Sofia,Harris,Austin,NC,United States,Consumer
CUST-0402,Jason,Harris,Phoenix,FL,United States,Corporate
CUST-0403,Emma,Harris,Austin,IL,United States,Corporate
CUST-0404,Alex,Taylor,San Jose,FL,United States,Consumer
CUST-0405,Ryan,White,Dallas,PA,United States,Consumer
CUST-0406,Sarah,Garcia,Chicago,GA,United States,Consumer
CUST-0407,James,Wilson,San Antonio,FL,United States,Consumer
CUST-0408,Alex,Taylor,San Jose,MI,United States,Consumer
CUST-0409,Olivia,Davis,New York,TX,United States,Consumer
CUST-0410,Ryan,Thompson,Denver,IL,United States,Corporate
CUST-0411,Sofia,Thomas,San Jose,FL,United States,Consumer
CUST-0412,Mia,Jones,San Diego,MI,United States,Consumer
CUST-0413,Natalie,Martin,Columbus,NC,United States,Corporate
CUST-0414,Laura,Clark,Charlotte,TX,United States,Consumer
CUST-0415,Olivia,Williams,Denver,MI,United States,Consumer
CUST-0416,Jason,Miller,San Jose,NC,United States,Consumer
CUST-0417,Jason,Harris,Los Angeles,FL,United States,Corporate
CUST-0418,David,Thompson,San Diego,CA,United States,Consumer
CUST-0419,Chloe,Harris,San Jose,CA,United States,Consumer
CUST-0420,Sofia,Smith,San Antonio,IL,United States,Corporate
CUST-0421,Brian,Williams,New York,OH,United States,Consumer
CUST-0422,Natalie,Johnson,Denver,TX,United States,Home Office
CUST-0423,Maria,Taylor,San Antonio,NY,United States,Corporate
CUST-0424,Chloe,Thomas,Denver,OH,United States,Consumer
CUST-0425,Ryan,Williams,Austin,NC,United States,Consumer
CUST-0426,Sarah,Garcia,Dallas,OH,United States,Consumer
CUST-0427,James,Smith,Phoenix,GA,United States,Corporate
CUST-0428,Chloe,Moore,San Antonio,FL,United States,Consumer
CUST-0429,Chris,Wilson,Houston,TX,United States,Consumer
CUST-0430,Chloe,Clark,Columbus,CA,United States,Consumer
CUST-0431,Sarah,Clark,New York,GA,United States,Consumer
CUST-0432,Maria,Davis,Jacksonville,CA,United States,Consumer
CUST-0433,Natalie,Miller,Columbus,CA,United States,Consumer
CUST-0434,Laura,Lee,Philadelphia,MI,United States,Consumer
CUST-0435,Alex,Davis,Phoenix,NY,United States,Home Office
CUST-0436,Laura,White,Phoenix,IL,United States,Consumer
CUST-0437,Emma,White,Dallas,GA,United States,Consumer
CUST-0438,Ryan,Thompson,Philadelphia,OH,United States,Consumer
CUST-0439,Ryan,Garcia,Columbus,NC,United States,Consumer
CUST-0440,Sofia,Jones,Columbus,GA,United States,Home Office
CUST-0441,Chloe,White,Dallas,NC,United States,Consumer
CUST-0442,Daniel,Miller,Philadelphia,TX,United States,Home Office
CUST-0443,David,Moore,Jacksonville,FL,United States,Consumer
CUST-0444,Victoria,Clark,New York,TX,United States,Consumer
CUST-0445,Natalie,Miller,San Diego,FL,United States,Corporate
CUST-0446,Sofia,Smith,Houston,FL,United States,Home Office
CUST-0447,Mia,Davis,Jacksonville,MI,United States,Corporate
CUST-0448,Laura,Moore,Philadelphia,IL,United States,Consumer
CUST-0449,Olivia,Taylor,Phoenix,PA,United States,Consumer
CUST-0450,Kevin,Brown,Columbus,GA,United States,Corporate
CUST-0451,Michael,Thomas,Philadelphia,OH,United States,Consumer
CUST-0452,Chris,Smith,Phoenix,NC,United States,Home Office
CUST-0453,Chloe,Taylor,Chicago,FL,United States,Consumer
CUST-0454,Brian,Davis,San Diego,NC,United States,Corporate
CUST-0455,Alex,Wilson,Columbus,GA,United States,Home Office
CUST-0456,Mia,Harris,Chicago,PA,United States,Consumer
CUST-0457,Mia,Garcia,Denver,NC,United States,Home Office
CUST-0458,Jason,Johnson,Charlotte,TX,United States,Home Office
CUST-0459,Maria,Smith,San Antonio,NY,United States,Corporate
CUST-0460,David,Jones,New York,FL,United States,Consumer
CUST-0461,Maria,Clark,Austin,MI,United States,Home Office
CUST-0462,Mia,Smith,New York,NC,United States,Consumer
CUST-0463,James,Thompson,Jacksonville,IL,United States,Consumer
CUST-0464,James,Thompson,Charlotte,OH,United States,Corporate
CUST-0465,Sarah,Brown,Dallas,NY,United States,Consumer
CUST-0466,Jason,Wilson,Charlotte,PA,United States,Consumer
CUST-0467,David,Thomas,San Antonio,GA,United States,Consumer
CUST-0468,Laura,Taylor,Austin,TX,United States,Corporate
CUST-0469,Maria,Williams,San Antonio,OH,United States,Consumer
CUST-0470,Maria,Smith,Jacksonville,NY,United States,Consumer
CUST-0471,Alex,Lee,Charlotte,TX,United States,Corporate
CUST-0472,Laura,Miller,Denver,MI,United States,Consumer
CUST-0473,David,Wilson,Denver,NC,United States,Consumer
CUST-0474,Emma,Anderson,New York,FL,United States,Consumer
CUST-0475,Ryan,Williams,Phoenix,NY,United States,Consumer
CUST-0476,Ryan,Moore,Philadelphia,OH,United States,Corporate
CUST-0477,David,Thompson,Jacksonville,PA,United States,Consumer
CUST-0478,Laura,Williams,Philadelphia,MI,United States,Corporate
CUST-0479,Ryan,Anderson,New York,IL,United States,Corporate
CUST-0480,Mia,Davis,Philadelphia,NC,United States,Home Office
CUST-0481,Emma,Lee,Austin,OH,United States,Consumer
CUST-0482,Sofia,Davis,Jacksonville,TX,United States,Consumer
CUST-0483,Ryan,Jones,Jacksonville,OH,United States,Consumer
CUST-0484,David,Smith,Phoenix,GA,United States,Consumer
CUST-0485,Sarah,Jones,Los Angeles,NY,United States,Consumer
CUST-0486,Natalie,Thompson,San Antonio,TX,United States,Consumer
CUST-0487,Natalie,Williams,San Jose,MI,United States,Corporate
CUST-0488,James,Taylor,San Antonio,OH,United States,Corporate
CUST-0489,Laura,Lee,Dallas,NY,United States,Corporate
CUST-0490,Chris,Wilson,Phoenix,IL,United States,Consumer
CUST-0491,Emma,White,Phoenix,OH,United States,Consumer
CUST-0492,Olivia,Wilson,Houston,GA,United States,Consumer
CUST-0493,Kevin,Brown,Chicago,IL,United States,Consumer
CUST-0494,Alex,Clark,San Antonio,PA,United States,Consumer
CUST-0495,Victoria,Jones,Phoenix,PA,United States,Corporate
CUST-0496,Michael,Martin,Philadelphia,NY,United States,Home Office
CUST-0497,Sofia,Martin,San Jose,FL,United States,Consumer
CUST-0498,Ryan,Thomas,Los Angeles,MI,United States,Consumer
CUST-0499,Emma,Moore,New York,GA,United States,Home Office
CUST-0500,Kevin,Taylor,Charlotte,TX,United States,Corporate
CUST-0501,Mia,Jones,Austin,IL,United States,Consumer
CUST-0502,Chris,White,Columbus,OH,United States,Consumer
CUST-0503,Mia,Lee,San Antonio,NC,United States,Consumer
CUST-0504,Chloe,Moore,New York,PA,United States,Corporate
CUST-0505,Victoria,Williams,Los Angeles,FL,United States,Corporate
CUST-0506,Emma,Clark,New York,MI,United States,Home Office
CUST-0507,Ryan,Anderson,Columbus,OH,United States,Consumer
CUST-0508,Daniel,Davis,Dallas,NC,United States,Consumer
CUST-0509,Brian,Davis,San Diego,PA,United States,Consumer
CUST-0510,Brian,Thompson,Chicago,PA,United States,Home Office
CUST-0511,Sarah,Taylor,San Antonio,TX,United States,Consumer
CUST-0512,Olivia,Taylor,Philadelphia,GA,United States,Corporate
CUST-0513,Mia,Thomas,San Diego,TX,United States,Consumer
CUST-0514,Kevin,Anderson,Los Angeles,IL,United States,Consumer
CUST-0515,Sarah,Smith,Charlotte,PA,United States,Corporate
CUST-0516,Emma,Davis,Dallas,NY,United States,Consumer
CUST-0517,Natalie,White,San Diego,FL,United States,Corporate
CUST-0518,Emma,Garcia,Austin,OH,United States,Consumer
CUST-0519,Michael,Harris,San Jose,OH,United States,Consumer
CUST-0520,Michael,Miller,Phoenix,TX,United States,Consumer
CUST-0521,Emma,Thomas,Philadelphia,FL,United States,Consumer
CUST-0522,Mia,Thompson,Austin,PA,United States,Consumer
CUST-0523,Ryan,Lee,Los Angeles,PA,United States,Consumer
CUST-0524,Victoria,Garcia,Charlotte,IL,United States,Home Office
CUST-0525,David,Jones,Philadelphia,TX,United States,Consumer
CUST-0526,Emma,Thomas,Jacksonville,NY,United States,Consumer
CUST-0527,Victoria,Jones,San Jose,OH,United States,Consumer
CUST-0528,Natalie,Garcia,Dallas,NY,United States,Consumer
CUST-0529,Emma,Anderson,Charlotte,GA,United States,Corporate
CUST-0530,James,Martin,Chicago,FL,United States,Corporate
CUST-0531,Jason,Martin,San Antonio,GA,United States,Consumer
CUST-0532,Mia,Garcia,Los Angeles,MI,United States,Consumer
CUST-0533,Sofia,Johnson,Phoenix,FL,United States,Consumer
CUST-0534,Kevin,Lee,Jacksonville,GA,United States,Consumer
CUST-0535,Brian,Brown,Phoenix,NC,United States,Corporate
CUST-0536,Natalie,Johnson,Columbus,GA,United States,Consumer
CUST-0537,Sarah,Davis,Phoenix,CA,United States,Consumer
CUST-0538,David,Harris,Charlotte,TX,United States,Corporate
CUST-0539,Michael,Lee,Jacksonville,PA,United States,Corporate
CUST-0540,Chloe,Garcia,San Jose,NY,United States,Corporate
CUST-0541,Maria,Lee,Philadelphia,NC,United States,Consumer
CUST-0542,Emma,Anderson,Jacksonville,IL,United States,Consumer
CUST-0543,Jason,Brown,Chicago,OH,United States,Home Office
CUST-0544,Chris,Jones,Houston,NY,United States,Corporate
CUST-0545,Ryan,Martin,Chicago,MI,United States,Corporate
CUST-0546,Chloe,Jackson,San Diego,TX,United States,Corporate
CUST-0547,Ryan,Thompson,Jacksonville,IL,United States,Corporate
CUST-0548,Kevin,Martin,Philadelphia,MI,United States,Consumer
CUST-0549,Kevin,Thomas,Charlotte,TX,United States,Corporate
CUST-0550,Michael,White,Charlotte,FL,United States,Consumer
CUST-0551,Sofia,Anderson,Dallas,MI,United States,Consumer
CUST-0552,Alex,Johnson,New York,TX,United States,Corporate
CUST-0553,James,Brown,Denver,NY,United States,Consumer
CUST-0554,Chloe,Miller,Jacksonville,NY,United States,Corporate
CUST-0555,Emma,Wilson,Los Angeles,PA,United States,Consumer
CUST-0556,Emma,Johnson,San Antonio,IL,United States,Corporate
CUST-0557,Chloe,Williams,Jacksonville,TX,United States,Consumer
CUST-0558,David,Jones,San Jose,FL,United States,Consumer
CUST-0559,James,Smith,Jacksonville,PA,United States,Corporate
CUST-0560,Chris,Martin,Los Angeles,FL,United States,Consumer
CUST-0561,Sarah,Anderson,Philadelphia,IL,United States,Consumer
CUST-0562,Chris,Williams,Dallas,MI,United States,Consumer
CUST-0563,Emma,Harris,Philadelphia,FL,United States,Corporate
CUST-0564,Chloe,Clark,Austin,GA,United States,Corporate
CUST-0565,Sarah,Jones,Columbus,TX,United States,Consumer
CUST-0566,Olivia,White,Philadelphia,NY,United States,Consumer
CUST-0567,David,Davis,Dallas,MI,United States,Corporate
CUST-0568,Sofia,Smith,Charlotte,IL,United States,Consumer
CUST-0569,Jason,Miller,Jacksonville,OH,United States,Consumer
CUST-0570,Laura,Martin,San Antonio,TX,United States,Consumer
CUST-0571,Victoria,Williams,Dallas,CA,United States,Home Office
CUST-0572,Chris,Jackson,Charlotte,MI,United States,Consumer
CUST-0573,Emma,Martin,Columbus,TX,United States,Consumer
CUST-0574,James,Wilson,Houston,CA,United States,Home Office
CUST-0575,Jason,Taylor,Austin,NC,United States,Corporate
CUST-0576,Ryan,Williams,Austin,NC,United States,Consumer
CUST-0577,Daniel,Williams,Phoenix,TX,United States,Consumer
CUST-0578,Chris,Moore,Philadelphia,OH,United States,Consumer
CUST-0579,David,Taylor,Jacksonville,OH,United States,Corporate
CUST-0580,Maria,Davis,Los Angeles,OH,United States,Consumer
CUST-0581,Victoria,Johnson,Phoenix,NY,United States,Consumer
CUST-0582,Chris,Smith,Chicago,GA,United States,Home Office
CUST-0583,Jason,Wilson,Chicago,PA,United States,Consumer
CUST-0584,Sarah,Smith,Philadelphia,OH,United States,Consumer
CUST-0585,Daniel,Lee,Austin,TX,United States,Consumer
CUST-0586,Olivia,Johnson,San Diego,MI,United States,Consumer
CUST-0587,Daniel,Brown,Denver,MI,United States,Corporate
CUST-0588,Laura,Thompson,New York,CA,United States,Corporate
CUST-0589,Laura,Johnson,San Diego,PA,United States,Consumer
CUST-0590,Emma,Johnson,Dallas,OH,United States,Consumer
CUST-0591,Chloe,Anderson,Phoenix,TX,United States,Consumer
CUST-0592,Jason,Johnson,Chicago,FL,United States,Corporate
CUST-0593,Ryan,Williams,Denver,GA,United States,Corporate
CUST-0594,Alex,Williams,Dallas,GA,United States,Consumer
CUST-0595,Sofia,Lee,Columbus,IL,United States,Corporate
CUST-0596,Kevin,Thomas,San Jose,GA,United States,Home Office
CUST-0597,Natalie,Davis,Chicago,CA,United States,Home Office
CUST-0598,Laura,Moore,Philadelphia,CA,United States,Home Office
CUST-0599,Ryan,Taylor,Los Angeles,FL,United States,Consumer
CUST-0600,Chloe,Martin,New York,NY,United States,Corporate
CUST-0601,Maria,Davis,Denver,NC,United States,Consumer
CUST-0602,Kevin,Williams,San Jose,TX,United States,Consumer
CUST-0603,Ryan,Williams,San Jose,MI,United States,Consumer
CUST-0604,Chris,Davis,Phoenix,IL,United States,Corporate
CUST-0605,Alex,Anderson,San Diego,IL,United States,Consumer
CUST-0606,Chris,Lee,Los Angeles,NY,United States,Consumer
CUST-0607,Kevin,Anderson,San Antonio,TX,United States,Consumer
CUST-0608,Kevin,Taylor,San Diego,IL,United States,Corporate
CUST-0609,Emma,Taylor,Charlotte,MI,United States,Consumer
CUST-0610,Chris,Williams,Jacksonville,FL,United States,Home Office
CUST-0611,Jason,Johnson,Austin,IL,United States,Consumer
CUST-0612,James,Jackson,Charlotte,GA,United States,Consumer
CUST-0613,Laura,Brown,San Diego,TX,United States,Corporate
CUST-0614,Sarah,Smith,New York,FL,United States,Consumer
CUST-0615,Olivia,Williams,San Jose,MI,United States,Consumer
CUST-0616,James,Williams,Houston,GA,United States,Corporate
CUST-0617,Alex,Brown,New York,GA,United States,Consumer
CUST-0618,Chloe,Jackson,San Diego,CA,United States,Consumer
CUST-0619,Emma,Thomas,Houston,NY,United States,Consumer
CUST-0620,Chris,Johnson,San Jose,MI,United States,Corporate
CUST-0621,Sofia,Martin,San Antonio,NC,United States,Consumer
CUST-0622,Daniel,Jackson,Chicago,OH,United States,Consumer
CUST-0623,Laura,Moore,Columbus,CA,United States,Home Office
CUST-0624,Olivia,Martin,Dallas,GA,United States,Consumer
CUST-0625,Jason,Anderson,San Antonio,IL,United States,Consumer
CUST-0626,Victoria,Davis,New York,IL,United States,Consumer
CUST-0627,Jason,Thomas,Columbus,MI,United States,Home Office
CUST-0628,Sarah,Davis,Austin,FL,United States,Consumer
CUST-0629,Laura,Lee,Charlotte,OH,United States,Consumer
CUST-0630,Emma,Davis,San Jose,PA,United States,Corporate
CUST-0631,Olivia,Lee,New York,PA,United States,Home Office
CUST-0632,Chris,Lee,Houston,GA,United States,Consumer
CUST-0633,Mia,Johnson,Los Angeles,CA,United States,Consumer
CUST-0634,James,Thompson,San Diego,CA,United States,Consumer
CUST-0635,Michael,Jones,Philadelphia,NY,United States,Home Office
CUST-0636,Maria,Smith,Chicago,MI,United States,Corporate
CUST-0637,Sarah,Thompson,Charlotte,PA,United States,Home Office
CUST-0638,Ryan,Lee,Los Angeles,PA,United States,Consumer
CUST-0639,Emma,White,Columbus,GA,United States,Corporate
CUST-0640,Natalie,Clark,Columbus,PA,United States,Consumer
CUST-0641,Emma,Jackson,Phoenix,IL,United States,Consumer
CUST-0642,Brian,Jackson,Charlotte,MI,United States,Consumer
CUST-0643,Alex,Clark,Houston,MI,United States,Consumer
CUST-0644,Chris,Anderson,Jacksonville,TX,United States,Consumer
CUST-0645,Emma,Williams,Charlotte,PA,United States,Consumer
CUST-0646,Michael,Davis,Jacksonville,TX,United States,Consumer
CUST-0647,James,Johnson,San Antonio,GA,United States,Corporate
CUST-0648,Chloe,Martin,Denver,OH,United States,Consumer
CUST-0649,Sarah,Martin,Columbus,MI,United States,Corporate
CUST-0650,Laura,Garcia,San Diego,TX,United States,Corporate
CUST-0651,Sofia,Smith,Philadelphia,IL,United States,Home Office
CUST-0652,Alex,Garcia,Denver,OH,United States,Consumer
CUST-0653,Natalie,Williams,Philadelphia,MI,United States,Home Office
CUST-0654,James,White,Austin,NY,United States,Corporate
CUST-0655,Emma,Johnson,Los Angeles,PA,United States,Consumer
CUST-0656,Chloe,Moore,Jacksonville,NC,United States,Consumer
CUST-0657,Sofia,Davis,Los Angeles,CA,United States,Consumer
CUST-0658,Mia,Jones,New York,PA,United States,Consumer
CUST-0659,Sofia,Clark,San Diego,FL,United States,Consumer
CUST-0660,Emma,Taylor,Los Angeles,GA,United States,Corporate
CUST-0661,Ryan,Martin,San Diego,IL,United States,Consumer
CUST-0662,Ryan,Garcia,Philadelphia,OH,United States,Consumer
CUST-0663,Maria,Wilson,San Diego,GA,United States,Consumer
CUST-0664,Brian,Johnson,Chicago,TX,United States,Consumer
CUST-0665,Natalie,White,Columbus,MI,United States,Consumer
CUST-0666,Ryan,Thompson,San Antonio,NC,United States,Corporate
CUST-0667,Brian,Davis,San Diego,IL,United States,Consumer
CUST-0668,Jason,Lee,Denver,NC,United States,Corporate
CUST-0669,Victoria,Jones,Los Angeles,GA,United States,Consumer
CUST-0670,Michael,Miller,Chicago,CA,United States,Consumer
CUST-0671,Chloe,Miller,Charlotte,NY,United States,Corporate
CUST-0672,Alex,Williams,Los Angeles,OH,United States,Consumer
CUST-0673,Alex,Wilson,Dallas,GA,United States,Home Office
CUST-0674,Victoria,Lee,Dallas,OH,United States,Consumer
CUST-0675,Chris,Lee,San Jose,MI,United States,Corporate
CUST-0676,Sarah,Lee,Columbus,TX,United States,Corporate
CUST-0677,Olivia,White,Phoenix,OH,United States,Corporate
CUST-0678,Victoria,Martin,New York,NY,United States,Consumer
CUST-0679,Victoria,Clark,Austin,OH,United States,Consumer
CUST-0680,Laura,Johnson,Jacksonville,GA,United States,Home Office
CUST-0681,James,Anderson,Charlotte,IL,United States,Consumer
CUST-0682,Sarah,Davis,Chicago,IL,United States,Home Office
CUST-0683,Alex,Wilson,Jacksonville,OH,United States,Corporate
CUST-0684,Michael,Harris,Houston,OH,United States,Corporate
CUST-0685,Olivia,Johnson,Dallas,NY,United States,Consumer
CUST-0686,Jason,Jackson,Chicago,NC,United States,Corporate
CUST-0687,Emma,Miller,Denver,FL,United States,Corporate
CUST-0688,Maria,Harris,New York,PA,United States,Corporate
CUST-0689,Olivia,Harris,Dallas,OH,United States,Corporate
CUST-0690,James,Davis,Philadelphia,GA,United States,Consumer
CUST-0691,Mia,Lee,Dallas,PA,United States,Consumer
CUST-0692,David,Taylor,New York,OH,United States,Consumer
CUST-0693,Michael,Davis,Austin,FL,United States,Corporate
CUST-0694,Chloe,Thompson,New York,CA,United States,Consumer
CUST-0695,Emma,Clark,Columbus,CA,United States,Consumer
CUST-0696,Sofia,Wilson,San Antonio,OH,United States,Corporate
CUST-0697,Daniel,Miller,San Diego,IL,United States,Corporate
CUST-0698,Ryan,Lee,Los Angeles,CA,United States,Consumer
CUST-0699,Olivia,Moore,Austin,MI,United States,Corporate
CUST-0700,Sarah,Martin,Los Angeles,PA,United States,Home Office
CUST-0701,Alex,Wilson,Phoenix,IL,United States,Consumer
CUST-0702,Laura,Johnson,Columbus,MI,United States,Consumer
CUST-0703,Chris,Smith,Austin,GA,United States,Home Office
CUST-0704,Chloe,Jackson,San Antonio,CA,United States,Consumer
CUST-0705,Michael,Anderson,Jacksonville,FL,United States,Corporate
CUST-0706,Mia,Thomas,Dallas,IL,United States,Corporate
CUST-0707,Natalie,Garcia,Phoenix,TX,United States,Consumer
CUST-0708,Natalie,Garcia,Austin,PA,United States,Corporate
CUST-0709,Olivia,Davis,Jacksonville,IL,United States,Consumer
CUST-0710,Olivia,Wilson,San Jose,IL,United States,Consumer
CUST-0711,Mia,Johnson,Charlotte,MI,United States,Consumer
CUST-0712,David,Martin,Denver,FL,United States,Consumer
CUST-0713,Ryan,Thompson,Phoenix,OH,United States,Consumer
CUST-0714,Chris,Miller,Philadelphia,OH,United States,Home Office
CUST-0715,Chris,Anderson,Charlotte,NY,United States,Corporate
CUST-0716,Alex,Garcia,Philadelphia,CA,United States,Consumer
CUST-0717,Michael,Garcia,San Jose,NY,United States,Consumer
CUST-0718,Chris,Clark,San Antonio,OH,United States,Consumer
CUST-0719,Ryan,Smith,New York,NC,United States,Consumer
CUST-0720,James,Anderson,Columbus,NC,United States,Consumer
CUST-0721,James,Davis,Houston,PA,United States,Consumer
CUST-0722,Ryan,Thompson,San Jose,IL,United States,Consumer
CUST-0723,Sofia,Taylor,San Diego,NC,United States,Consumer
CUST-0724,Chloe,Jones,Philadelphia,GA,United States,Consumer
CUST-0725,Emma,Jackson,New York,FL,United States,Consumer
CUST-0726,Michael,Smith,San Jose,NC,United States,Consumer
CUST-0727,Maria,Jackson,Denver,IL,United States,Corporate
CUST-0728,Maria,Clark,New York,TX,United States,Corporate
CUST-0729,Maria,Brown,San Antonio,GA,United States,Consumer
CUST-0730,Daniel,Martin,Jacksonville,NY,United States,Consumer
CUST-0731,James,Taylor,San Antonio,TX,United States,Corporate
CUST-0732,Victoria,Clark,Jacksonville,NY,United States,Consumer
CUST-0733,Jason,Clark,Los Angeles,IL,United States,Consumer
CUST-0734,Mia,Miller,San Jose,FL,United States,Corporate
CUST-0735,Michael,Thomas,Jacksonville,OH,United States,Consumer
CUST-0736,Natalie,Martin,Denver,FL,United States,Corporate
CUST-0737,Alex,Davis,New York,CA,United States,Corporate
CUST-0738,Brian,Martin,Chicago,TX,United States,Corporate
CUST-0739,Sarah,Wilson,Austin,FL,United States,Consumer
CUST-0740,Daniel,Harris,New York,TX,United States,Corporate
CUST-0741,Sofia,Thomas,Columbus,PA,United States,Consumer
CUST-0742,Sarah,Johnson,New York,NY,United States,Corporate
CUST-0743,Alex,Thomas,Denver,GA,United States,Home Office
CUST-0744,David,Thomas,Charlotte,PA,United States,Consumer
CUST-0745,Ryan,Harris,Phoenix,OH,United States,Corporate
CUST-0746,Chloe,Garcia,Los Angeles,NY,United States,Corporate
CUST-0747,Emma,Brown,San Antonio,MI,United States,Consumer
CUST-0748,Kevin,Garcia,San Jose,OH,United States,Corporate
CUST-0749,James,Jones,San Diego,GA,United States,Consumer
CUST-0750,Kevin,Johnson,Los Angeles,IL,United States,Corporate
CUST-0751,Jason,Lee,Jacksonville,MI,United States,Consumer
CUST-0752,Alex,Thompson,Dallas,MI,United States,Consumer
CUST-0753,Laura,Martin,Philadelphia,OH,United States,Consumer
CUST-0754,Victoria,Johnson,New York,NY,United States,Consumer
CUST-0755,Mia,Garcia,Los Angeles,GA,United States,Consumer
CUST-0756,Daniel,Johnson,Dallas,FL,United States,Consumer
CUST-0757,Ryan,Davis,Los Angeles,GA,United States,Consumer
CUST-0758,Kevin,Williams,Charlotte,GA,United States,Consumer
CUST-0759,Mia,Smith,Los Angeles,OH,United States,Consumer
CUST-0760,Natalie,Smith,Charlotte,TX,United States,Corporate
CUST-0761,Sofia,Thompson,Dallas,FL,United States,Corporate
CUST-0762,Alex,Thomas,Charlotte,CA,United States,Corporate
CUST-0763,Alex,Moore,Columbus,MI,United States,Consumer
CUST-0764,Olivia,Harris,Los Angeles,TX,United States,Corporate
CUST-0765,James,Anderson,Philadelphia,IL,United States,Consumer
CUST-0766,Sarah,Johnson,Denver,NY,United States,Consumer
CUST-0767,Sarah,Wilson,San Jose,FL,United States,Consumer
CUST-0768,Michael,Harris,Charlotte,FL,United States,Corporate
CUST-0769,Chloe,Johnson,Denver,MI,United States,Consumer
CUST-0770,Kevin,Lee,Dallas,NY,United States,Home Office
CUST-0771,Jason,Johnson,Dallas,OH,United States,Corporate
CUST-0772,Jason,Garcia,Jacksonville,MI,United States,Consumer
CUST-0773,Sarah,Jackson,Austin,MI,United States,Corporate
CUST-0774,Jason,Jackson,San Antonio,MI,United States,Home Office
CUST-0775,Daniel,Jackson,Philadelphia,IL,United States,Consumer
CUST-0776,Chris,White,San Jose,NC,United States,Consumer
CUST-0777,Natalie,Anderson,Jacksonville,NC,United States,Corporate
CUST-0778,Michael,Clark,Jacksonville,IL,United States,Corporate
CUST-0779,Chris,Garcia,Dallas,NC,United States,Corporate
CUST-0780,Sarah,Thomas,Dallas,GA,United States,Consumer
CUST-0781,Chloe,Moore,Phoenix,OH,United States,Corporate
CUST-0782,Sarah,Smith,San Antonio,NY,United States,Consumer
CUST-0783,Michael,Wilson,Columbus,NY,United States,Home Office
CUST-0784,Daniel,Jones,Charlotte,CA,United States,Corporate
CUST-0785,Michael,Moore,New York,PA,United States,Corporate
CUST-0786,Victoria,Moore,Charlotte,FL,United States,Corporate
CUST-0787,Ryan,Davis,Dallas,IL,United States,Corporate
CUST-0788,Ryan,Jackson,San Antonio,PA,United States,Home Office
CUST-0789,James,Wilson,Houston,MI,United States,Corporate
CUST-0790,Laura,Thomas,Columbus,MI,United States,Consumer
CUST-0791,Michael,Miller,Phoenix,GA,United States,Consumer
CUST-0792,David,Garcia,Chicago,NC,United States,Consumer
CUST-0793,Chloe,Wilson,Dallas,IL,United States,Consumer
CUST-0794,Daniel,Smith,Philadelphia,GA,United States,Corporate
CUST-0795,Maria,Jones,Denver,PA,United States,Consumer
CUST-0796,Victoria,Taylor,San Diego,MI,United States,Consumer
CUST-0797,Alex,Thompson,Houston,NY,United States,Consumer
CUST-0798,Emma,White,Dallas,NC,United States,Consumer
CUST-0799,Laura,Miller,Austin,PA,United States,Consumer
CUST-0800,Michael,Clark,Dallas,GA,United States,Home Office
CUST-0801,James,Brown,Austin,PA,United States,Consumer
CUST-0802,Victoria,Clark,Houston,CA,United States,Corporate
CUST-0803,Ryan,Brown,San Antonio,IL,United States,Consumer
CUST-0804,James,Thompson,Charlotte,PA,United States,Consumer
CUST-0805,Kevin,Martin,New York,IL,United States,Corporate
CUST-0806,Alex,Thompson,Los Angeles,TX,United States,Consumer
CUST-0807,Natalie,Smith,Austin,TX,United States,Consumer
CUST-0808,Michael,White,Charlotte,TX,United States,Consumer
CUST-0809,Chloe,Williams,Jacksonville,NY,United States,Consumer
CUST-0810,Maria,Williams,Los Angeles,CA,United States,Consumer
CUST-0811,Natalie,Williams,San Jose,FL,United States,Home Office
CUST-0812,Ryan,Harris,Austin,OH,United States,Consumer
CUST-0813,Ryan,Brown,Dallas,CA,United States,Corporate
CUST-0814,David,Lee,New York,TX,United States,Consumer
CUST-0815,Sarah,Taylor,Columbus,IL,United States,Corporate
CUST-0816,Kevin,Jackson,San Antonio,CA,United States,Consumer
CUST-0817,Laura,Jones,Jacksonville,OH,United States,Corporate
CUST-0818,Sofia,Jones,Phoenix,PA,United States,Home Office
CUST-0819,Natalie,Moore,Chicago,TX,United States,Consumer
CUST-0820,Victoria,Jackson,Dallas,NC,United States,Home Office
CUST-0821,Michael,Thomas,Houston,OH,United States,Home Office
CUST-0822,Chris,Garcia,Chicago,FL,United States,Corporate
CUST-0823,Michael,Brown,Chicago,MI,United States,Corporate
CUST-0824,Kevin,Moore,Los Angeles,IL,United States,Corporate
CUST-0825,Sarah,Miller,Jacksonville,MI,United States,Consumer
CUST-0826,Olivia,Jones,Austin,FL,United States,Consumer
CUST-0827,David,Miller,Philadelphia,GA,United States,Consumer
CUST-0828,Sofia,Lee,Chicago,MI,United States,Consumer
CUST-0829,Chloe,Garcia,New York,PA,United States,Consumer
CUST-0830,Chloe,Wilson,Charlotte,PA,United States,Consumer
CUST-0831,Mia,Harris,San Diego,PA,United States,Corporate
CUST-0832,Natalie,Brown,Chicago,MI,United States,Consumer
CUST-0833,Chris,Moore,Houston,IL,United States,Corporate
CUST-0834,David,Williams,Denver,CA,United States,Corporate
CUST-0835,James,Lee,San Jose,OH,United States,Corporate
CUST-0836,Maria,Moore,Phoenix,NC,United States,Corporate
CUST-0837,Mia,Jones,Philadelphia,OH,United States,Consumer
CUST-0838,Sofia,Jones,San Diego,NC,United States,Consumer
CUST-0839,Olivia,Thompson,New York,FL,United States,Corporate
CUST-0840,Emma,Thompson,Chicago,GA,United States,Consumer
CUST-0841,Brian,Jones,Jacksonville,GA,United States,Home Office
CUST-0842,Laura,Martin,Houston,TX,United States,Consumer
CUST-0843,Maria,Miller,Dallas,PA,United States,Consumer
CUST-0844,Maria,Johnson,Austin,PA,United States,Consumer
CUST-0845,Daniel,Wilson,San Jose,NC,United States,Consumer
CUST-0846,Ryan,Thomas,San Jose,TX,United States,Consumer
CUST-0847,Laura,Thompson,San Antonio,PA,United States,Corporate
CUST-0848,Mia,Martin,Denver,MI,United States,Consumer
CUST-0849,Kevin,Garcia,Houston,TX,United States,Consumer
CUST-0850,Michael,Jones,Chicago,NY,United States,Consumer
CUST-0851,Laura,White,Columbus,PA,United States,Corporate
CUST-0852,Mia,Martin,Houston,MI,United States,Consumer
CUST-0853,James,Davis,New York,NY,United States,Consumer
CUST-0854,Chris,Thompson,New York,MI,United States,Consumer
CUST-0855,Daniel,Garcia,Dallas,OH,United States,Consumer
CUST-0856,James,Taylor,Los Angeles,FL,United States,Consumer
CUST-0857,Mia,Garcia,Houston,OH,United States,Corporate
CUST-0858,Emma,Clark,Austin,NC,United States,Consumer
CUST-0859,Alex,Harris,San Jose,MI,United States,Consumer
CUST-0860,Ryan,Jones,Los Angeles,CA,United States,Consumer
CUST-0861,Chloe,Jones,San Jose,TX,United States,Consumer
CUST-0862,Victoria,Johnson,Denver,NC,United States,Consumer
CUST-0863,David,Martin,Austin,NY,United States,Home Office
CUST-0864,James,White,Dallas,OH,United States,Consumer
CUST-0865,Jason,White,Houston,GA,United States,Corporate
CUST-0866,Olivia,Lee,Columbus,MI,United States,Consumer
CUST-0867,Daniel,Martin,Columbus,FL,United States,Home Office
CUST-0868,Sofia,Clark,Denver,NC,United States,Consumer
CUST-0869,James,Smith,San Jose,NC,United States,Consumer
CUST-0870,Ryan,Miller,Jacksonville,PA,United States,Consumer
CUST-0871,Chris,White,Austin,MI,United States,Consumer
CUST-0872,Chloe,Lee,Philadelphia,MI,United States,Consumer
CUST-0873,Ryan,Miller,San Antonio,NC,United States,Corporate
CUST-0874,Emma,Thomas,Dallas,NC,United States,Consumer
CUST-0875,Brian,Thomas,Columbus,OH,United States,Corporate
CUST-0876,Sarah,Davis,San Diego,NY,United States,Consumer
CUST-0877,Ryan,Anderson,Columbus,NC,United States,Corporate
CUST-0878,Maria,Garcia,San Antonio,CA,United States,Corporate
CUST-0879,Mia,Clark,San Antonio,TX,United States,Consumer
CUST-0880,Olivia,Williams,San Jose,CA,United States,Corporate
CUST-0881,Victoria,Thompson,Phoenix,MI,United States,Consumer
CUST-0882,Mia,Harris,New York,FL,United States,Corporate
CUST-0883,Sofia,Miller,New York,MI,United States,Consumer
CUST-0884,Laura,Clark,Chicago,CA,United States,Consumer
CUST-0885,James,Garcia,Los Angeles,IL,United States,Corporate
CUST-0886,Ryan,Jackson,San Jose,FL,United States,Consumer
CUST-0887,David,Williams,Dallas,IL,United States,Corporate
CUST-0888,Brian,Thomas,Philadelphia,IL,United States,Consumer
CUST-0889,Kevin,Jackson,San Jose,CA,United States,Consumer
CUST-0890,Jason,Brown,Dallas,TX,United States,Consumer
CUST-0891,Sarah,Thompson,Phoenix,NC,United States,Corporate
CUST-0892,Daniel,Harris,San Antonio,MI,United States,Consumer
CUST-0893,Alex,Harris,Austin,GA,United States,Corporate
CUST-0894,Mia,Brown,Phoenix,TX,United States,Consumer
CUST-0895,Laura,Anderson,San Antonio,PA,United States,Consumer
CUST-0896,Daniel,Davis,Phoenix,TX,United States,Consumer
CUST-0897,David,Moore,Denver,NY,United States,Consumer
CUST-0898,Michael,Lee,Phoenix,NY,United States,Home Office
CUST-0899,Michael,Martin,Jacksonville,FL,United States,Consumer
CUST-0900,Daniel,Miller,Houston,FL,United States,Corporate
CUST-0901,Olivia,Jones,Columbus,TX,United States,Consumer
CUST-0902,Mia,Clark,New York,NC,United States,Home Office
CUST-0903,Olivia,Clark,Philadelphia,GA,United States,Corporate
CUST-0904,Daniel,Martin,Chicago,NC,United States,Consumer
CUST-0905,Brian,Jones,New York,NC,United States,Corporate
CUST-0906,Natalie,Johnson,Dallas,PA,United States,Consumer
CUST-0907,Emma,Harris,Los Angeles,NC,United States,Consumer
CUST-0908,James,Smith,Austin,FL,United States,Consumer
CUST-0909,Alex,Thomas,San Jose,IL,United States,Consumer
CUST-0910,Laura,Wilson,San Diego,MI,United States,Consumer
CUST-0911,Mia,White,Houston,OH,United States,Corporate
CUST-0912,Olivia,Jackson,Phoenix,GA,United States,Consumer
CUST-0913,Brian,Davis,Charlotte,TX,United States,Corporate
CUST-0914,Natalie,White,Charlotte,OH,United States,Consumer
CUST-0915,Mia,Smith,Chicago,OH,United States,Consumer
CUST-0916,Jason,Moore,Jacksonville,PA,United States,Corporate
CUST-0917,Daniel,Moore,Charlotte,MI,United States,Consumer
CUST-0918,Emma,Johnson,Houston,IL,United States,Consumer
CUST-0919,Sarah,Harris,Jacksonville,PA,United States,Consumer
CUST-0920,Natalie,Moore,Denver,IL,United States,Consumer
CUST-0921,Sarah,Thomas,Charlotte,MI,United States,Consumer
CUST-0922,Natalie,Garcia,Columbus,IL,United States,Consumer
CUST-0923,Jason,Martin,Columbus,GA,United States,Corporate
CUST-0924,Victoria,Taylor,San Diego,NY,United States,Corporate
CUST-0925,Alex,White,Austin,MI,United States,Consumer
CUST-0926,David,Garcia,Philadelphia,FL,United States,Consumer
CUST-0927,Sofia,Wilson,San Jose,OH,United States,Consumer
CUST-0928,Olivia,Lee,Dallas,GA,United States,Consumer
CUST-0929,James,Jones,Jacksonville,FL,United States,Corporate
CUST-0930,David,Miller,Chicago,OH,United States,Consumer
CUST-0931,Mia,Moore,New York,CA,United States,Corporate
CUST-0932,David,Brown,Phoenix,MI,United States,Consumer
CUST-0933,Ryan,Taylor,Houston,FL,United States,Corporate
CUST-0934,Chris,Jones,Dallas,NY,United States,Consumer
CUST-0935,Olivia,Anderson,Charlotte,GA,United States,Consumer
CUST-0936,Daniel,Moore,San Diego,NY,United States,Home Office
CUST-0937,Natalie,Garcia,San Jose,MI,United States,Consumer
CUST-0938,Brian,White,Dallas,NC,United States,Consumer
CUST-0939,Mia,Moore,Houston,TX,United States,Consumer
CUST-0940,Chloe,Wilson,Chicago,IL,United States,Consumer
CUST-0941,Chris,Thomas,Phoenix,GA,United States,Consumer
CUST-0942,Mia,Martin,Phoenix,CA,United States,Corporate
CUST-0943,Victoria,Davis,Columbus,CA,United States,Consumer
CUST-0944,Chloe,Moore,San Antonio,OH,United States,Consumer
CUST-0945,Ryan,Jackson,Houston,IL,United States,Consumer
CUST-0946,Laura,Thompson,Columbus,MI,United States,Corporate
CUST-0947,Daniel,Taylor,Austin,NC,United States,Corporate
CUST-0948,Michael,Williams,Chicago,NY,United States,Consumer
CUST-0949,Kevin,Clark,San Diego,IL,United States,Corporate
CUST-0950,Michael,Anderson,New York,NY,United States,Consumer
CUST-0951,James,Garcia,Los Angeles,IL,United States,Consumer
CUST-0952,James,Davis,Los Angeles,NY,United States,Consumer
CUST-0953,Alex,White,Phoenix,GA,United States,Home Office
CUST-0954,Maria,Anderson,Los Angeles,NY,United States,Consumer
CUST-0955,David,Moore,San Diego,NY,United States,Consumer
CUST-0956,Ryan,Smith,Los Angeles,FL,United States,Consumer
CUST-0957,Laura,Johnson,Houston,GA,United States,Corporate
CUST-0958,Jason,Miller,San Diego,OH,United States,Corporate
CUST-0959,Alex,Garcia,Austin,CA,United States,Corporate
CUST-0960,Jason,Brown,Phoenix,GA,United States,Corporate
CUST-0961,Olivia,Johnson,Charlotte,FL,United States,Home Office
CUST-0962,Chloe,Anderson,New York,NY,United States,Corporate
CUST-0963,Sarah,Jackson,Columbus,FL,United States,Consumer
CUST-0964,Brian,Martin,Jacksonville,MI,United States,Consumer
CUST-0965,Laura,Garcia,San Diego,TX,United States,Corporate
CUST-0966,Maria,Johnson,Philadelphia,NY,United States,Corporate
CUST-0967,Chris,Martin,Houston,PA,United States,Home Office
CUST-0968,Olivia,Harris,Jacksonville,FL,United States,Consumer
CUST-0969,Olivia,Jones,Phoenix,CA,United States,Consumer
CUST-0970,Natalie,Taylor,Dallas,GA,United States,Consumer
CUST-0971,Natalie,Thomas,Philadelphia,GA,United States,Consumer
CUST-0972,Natalie,Garcia,Los Angeles,NC,United States,Consumer
CUST-0973,Daniel,Moore,Philadelphia,GA,United States,Consumer
CUST-0974,Jason,Jackson,Jacksonville,NY,United States,Corporate
CUST-0975,Olivia,Clark,Houston,PA,United States,Corporate
CUST-0976,Natalie,Jackson,Houston,NC,United States,Corporate
CUST-0977,Chris,Clark,Phoenix,PA,United States,Consumer
CUST-0978,Sarah,Brown,Dallas,TX,United States,Consumer
CUST-0979,Emma,Johnson,Houston,TX,United States,Consumer
CUST-0980,Maria,Lee,Austin,OH,United States,Corporate
CUST-0981,Victoria,Lee,Phoenix,CA,United States,Consumer
CUST-0982,David,Smith,Denver,FL,United States,Corporate
CUST-0983,Kevin,Johnson,Philadelphia,NC,United States,Corporate
CUST-0984,Olivia,Johnson,Charlotte,MI,United States,Consumer
CUST-0985,David,Taylor,Los Angeles,FL,United States,Home Office
CUST-0986,Sarah,Davis,Dallas,OH,United States,Consumer
CUST-0987,Laura,Lee,Austin,NY,United States,Consumer
CUST-0988,Chloe,Brown,Columbus,MI,United States,Consumer
CUST-0989,Chloe,Brown,Chicago,NY,United States,Consumer
CUST-0990,Alex,Garcia,Dallas,MI,United States,Consumer
CUST-0991,Alex,Moore,Philadelphia,PA,United States,Consumer
CUST-0992,Chloe,Anderson,San Jose,FL,United States,Consumer
CUST-0993,Ryan,Moore,Denver,IL,United States,Consumer
CUST-0994,Kevin,Jackson,New York,CA,United States,Home Office
CUST-0995,James,Thompson,Chicago,IL,United States,Consumer
CUST-0996,Michael,Anderson,New York,IL,United States,Home Office
CUST-0997,Natalie,Lee,Denver,MI,United States,Consumer
CUST-0998,Kevin,Thomas,Chicago,NY,United States,Consumer
CUST-0999,Laura,Davis,Phoenix,IL,United States,Consumer
CUST-1000,Brian,Miller,Jacksonville,TX,United States,Corporate
CUST-1001,Emma,Martin,Charlotte,MI,United States,Corporate
CUST-1002,Victoria,Taylor,New York,MI,United States,Consumer
CUST-1003,Alex,Thomas,Denver,OH,United States,Consumer
CUST-1004,Laura,Clark,Denver,CA,United States,Corporate
CUST-1005,Ryan,Johnson,Phoenix,NC,United States,Consumer
CUST-1006,Brian,Jones,Philadelphia,NC,United States,Corporate
CUST-1007,Maria,Jackson,San Diego,MI,United States,Consumer
CUST-1008,Laura,White,Phoenix,OH,United States,Consumer
CUST-1009,David,Martin,San Jose,CA,United States,Consumer
CUST-1010,David,Jackson,Dallas,OH,United States,Corporate
CUST-1011,Chris,Martin,Dallas,FL,United States,Consumer
CUST-1012,Brian,Miller,Dallas,MI,United States,Home Office
CUST-1013,Laura,Davis,Los Angeles,IL,United States,Corporate
CUST-1014,Brian,Williams,Los Angeles,OH,United States,Consumer
CUST-1015,Michael,Anderson,Philadelphia,MI,United States,Corporate
CUST-1016,Emma,Thomas,San Jose,GA,United States,Corporate
CUST-1017,Maria,Davis,Houston,PA,United States,Consumer
CUST-1018,Sarah,Johnson,Houston,MI,United States,Home Office
CUST-1019,James,Anderson,Jacksonville,TX,United States,Consumer
CUST-1020,James,Anderson,Houston,NC,United States,Consumer
CUST-1021,Jason,Wilson,Dallas,GA,United States,Corporate
CUST-1022,James,Jackson,San Jose,NC,United States,Consumer
CUST-1023,Maria,Taylor,Houston,MI,United States,Consumer
CUST-1024,James,Williams,San Antonio,IL,United States,Corporate
CUST-1025,Olivia,Brown,New York,IL,United States,Corporate
CUST-1026,Ryan,Davis,San Antonio,NC,United States,Home Office
CUST-1027,Alex,Martin,Charlotte,MI,United States,Consumer
CUST-1028,Michael,Thompson,San Diego,NC,United States,Home Office
CUST-1029,Maria,Davis,Denver,NC,United States,Consumer
CUST-1030,Ryan,Garcia,New York,PA,United States,Corporate
CUST-1031,Sofia,Davis,Dallas,IL,United States,Corporate
CUST-1032,Daniel,Jackson,Denver,CA,United States,Home Office
CUST-1033,Laura,Jones,Philadelphia,OH,United States,Corporate
CUST-1034,Ryan,Thompson,Austin,MI,United States,Corporate
CUST-1035,Laura,White,Houston,MI,United States,Consumer
CUST-1036,Victoria,Anderson,San Diego,NC,United States,Consumer
CUST-1037,Chris,Lee,Dallas,FL,United States,Corporate
CUST-1038,Jason,Jones,San Antonio,NY,United States,Corporate
CUST-1039,Emma,Anderson,Los Angeles,NC,United States,Consumer
CUST-1040,Emma,Anderson,Charlotte,NY,United States,Corporate
CUST-1041,Chloe,White,Phoenix,GA,United States,Corporate
CUST-1042,Daniel,Jones,Columbus,FL,United States,Consumer
CUST-1043,James,Clark,San Jose,IL,United States,Corporate
CUST-1044,Laura,Clark,Houston,FL,United States,Corporate
CUST-1045,David,Martin,Chicago,NC,United States,Corporate
CUST-1046,Olivia,Garcia,Charlotte,OH,United States,Consumer
CUST-1047,Emma,Miller,Houston,CA,United States,Consumer
CUST-1048,Daniel,White,Houston,FL,United States,Corporate
CUST-1049,Emma,Harris,Charlotte,MI,United States,Consumer
CUST-1050,Kevin,Davis,San Antonio,OH,United States,Corporate
CUST-1051,Ryan,Anderson,San Antonio,MI,United States,Home Office
CUST-1052,Victoria,Moore,Dallas,CA,United States,Consumer
CUST-1053,Kevin,Johnson,Denver,FL,United States,Consumer
CUST-1054,Maria,Moore,San Antonio,NC,United States,Corporate
CUST-1055,Michael,Taylor,San Diego,OH,United States,Corporate
CUST-1056,Kevin,Garcia,San Antonio,IL,United States,Corporate
CUST-1057,Jason,Jones,San Diego,GA,United States,Consumer
CUST-1058,Sarah,Garcia,Columbus,MI,United States,Home Office
CUST-1059,Natalie,Jones,San Antonio,OH,United States,Consumer
CUST-1060,Emma,Harris,San Jose,FL,United States,Corporate
CUST-1061,Daniel,Anderson,Jacksonville,NY,United States,Corporate
CUST-1062,David,Brown,Jacksonville,GA,United States,Corporate
CUST-1063,Jason,Jackson,Jacksonville,NC,United States,Corporate
CUST-1064,Ryan,Moore,San Antonio,CA,United States,Corporate
CUST-1065,Brian,Jones,Chicago,NY,United States,Consumer
CUST-1066,Maria,White,Phoenix,IL,United States,Corporate
CUST-1067,Sofia,Garcia,Los Angeles,NY,United States,Home Office
CUST-1068,Victoria,Wilson,New York,GA,United States,Consumer
CUST-1069,Natalie,Smith,San Jose,GA,United States,Consumer
CUST-1070,Mia,Harris,San Antonio,GA,United States,Consumer
CUST-1071,James,Davis,Denver,NC,United States,Consumer
CUST-1072,Natalie,Miller,New York,NY,United States,Consumer
CUST-1073,Olivia,Johnson,Chicago,CA,United States,Corporate
CUST-1074,Sofia,Anderson,Denver,TX,United States,Consumer
CUST-1075,Emma,Garcia,Austin,IL,United States,Corporate
CUST-1076,Victoria,Lee,Columbus,NC,United States,Consumer
CUST-1077,Brian,Thomas,Denver,CA,United States,Consumer
CUST-1078,Alex,Thomas,Denver,OH,United States,Corporate
CUST-1079,Natalie,Williams,Phoenix,GA,United States,Consumer
CUST-1080,Daniel,Anderson,Dallas,OH,United States,Consumer
CUST-1081,Michael,Clark,New York,TX,United States,Consumer
CUST-1082,Jason,Williams,San Diego,MI,United States,Home Office
CUST-1083,Sofia,White,San Jose,PA,United States,Consumer
CUST-1084,Victoria,Thomas,Denver,NY,United States,Corporate
CUST-1085,Jason,Martin,San Diego,NY,United States,Corporate
CUST-1086,Sofia,Miller,New York,TX,United States,Consumer
CUST-1087,Sarah,Miller,Columbus,MI,United States,Home Office
CUST-1088,Maria,Anderson,Philadelphia,NC,United States,Corporate
CUST-1089,James,Miller,Jacksonville,IL,United States,Consumer
CUST-1090,Sofia,Taylor,Dallas,NC,United States,Consumer
CUST-1091,Sarah,Anderson,Philadelphia,OH,United States,Corporate
CUST-1092,James,Garcia,Houston,PA,United States,Corporate
CUST-1093,Mia,Martin,Columbus,CA,United States,Corporate
CUST-1094,Chris,Harris,Denver,NC,United States,Corporate
CUST-1095,Chloe,Johnson,Charlotte,NC,United States,Consumer
CUST-1096,Alex,Moore,Dallas,CA,United States,Consumer
CUST-1097,Alex,Thomas,Los Angeles,NY,United States,Consumer
CUST-1098,Alex,Jackson,Austin,NC,United States,Corporate
CUST-1099,Victoria,Jackson,Chicago,MI,United States,Consumer
CUST-1100,Alex,Johnson,Phoenix,OH,United States,Consumer
CUST-1101,Olivia,Harris,Charlotte,IL,United States,Consumer
CUST-1102,Emma,Brown,Philadelphia,CA,United States,Corporate
CUST-1103,Kevin,Thompson,New York,GA,United States,Home Office
CUST-1104,Michael,Anderson,Denver,GA,United States,Corporate
CUST-1105,Sofia,Anderson,Chicago,TX,United States,Corporate
CUST-1106,Chris,Miller,Jacksonville,CA,United States,Consumer
CUST-1107,Jason,Brown,New York,IL,United States,Home Office
CUST-1108,Victoria,Williams,Philadelphia,GA,United States,Corporate
CUST-1109,Jason,Taylor,New York,MI,United States,Corporate
CUST-1110,Michael,Anderson,Houston,FL,United States,Consumer
CUST-1111,Alex,Harris,Austin,TX,United States,Consumer
CUST-1112,Daniel,Brown,New York,MI,United States,Consumer
CUST-1113,Michael,Moore,Philadelphia,NC,United States,Consumer
CUST-1114,Sofia,Lee,Houston,NY,United States,Consumer
CUST-1115,Alex,Moore,San Diego,CA,United States,Consumer
CUST-1116,Maria,Brown,San Antonio,CA,United States,Consumer
CUST-1117,Emma,Clark,Denver,MI,United States,Corporate
CUST-1118,Kevin,Clark,Philadelphia,IL,United States,Consumer
CUST-1119,Natalie,Williams,Denver,GA,United States,Consumer
CUST-1120,Kevin,Brown,San Diego,IL,United States,Corporate
CUST-1121,Kevin,Martin,Houston,FL,United States,Consumer
CUST-1122,Daniel,Thomas,San Antonio,NY,United States,Corporate
CUST-1123,Alex,Anderson,San Diego,GA,United States,Consumer
CUST-1124,Sarah,Thomas,San Diego,GA,United States,Corporate
CUST-1125,Olivia,Clark,San Jose,NY,United States,Consumer
CUST-1126,Sarah,Anderson,Dallas,TX,United States,Corporate
CUST-1127,Kevin,Jackson,San Jose,OH,United States,Consumer
CUST-1128,Natalie,Garcia,San Diego,OH,United States,Consumer
CUST-1129,Brian,White,Columbus,OH,United States,Consumer
CUST-1130,Natalie,Davis,Chicago,TX,United States,Corporate
CUST-1131,Brian,Martin,Los Angeles,MI,United States,Consumer
CUST-1132,Natalie,Brown,Charlotte,GA,United States,Consumer
CUST-1133,David,Clark,Los Angeles,MI,United States,Corporate
CUST-1134,Alex,Martin,Austin,CA,United States,Consumer
CUST-1135,Brian,Smith,Columbus,NY,United States,Corporate
CUST-1136,Natalie,Taylor,San Antonio,MI,United States,Consumer
CUST-1137,Michael,Anderson,Phoenix,MI,United States,Corporate
CUST-1138,Sofia,White,Jacksonville,PA,United States,Home Office
CUST-1139,James,Clark,Dallas,OH,United States,Corporate
CUST-1140,Maria,Thomas,Denver,NC,United States,Home Office
CUST-1141,Natalie,Thomas,Los Angeles,IL,United States,Corporate
CUST-1142,Chloe,Lee,San Antonio,PA,United States,Corporate
CUST-1143,Ryan,White,Dallas,FL,United States,Corporate
CUST-1144,Chris,Miller,Dallas,OH,United States,Corporate
CUST-1145,Chloe,Jones,Phoenix,NY,United States,Consumer
CUST-1146,James,Jones,Jacksonville,GA,United States,Corporate
CUST-1147,David,Jones,Austin,OH,United States,Corporate
CUST-1148,Victoria,White,San Jose,NY,United States,Consumer
CUST-1149,Natalie,Harris,San Antonio,PA,United States,Consumer
CUST-1150,Victoria,Smith,San Jose,GA,United States,Corporate
CUST-1151,Jason,Wilson,San Antonio,NC,United States,Consumer
CUST-1152,Maria,Lee,San Diego,PA,United States,Consumer
CUST-1153,David,Jones,Jacksonville,NC,United States,Home Office
CUST-1154,Kevin,Thompson,Los Angeles,NC,United States,Corporate
CUST-1155,Laura,Martin,Austin,TX,United States,Corporate
CUST-1156,Brian,Taylor,San Jose,CA,United States,Home Office
CUST-1157,James,Martin,San Diego,NC,United States,Home Office
CUST-1158,Alex,White,Philadelphia,IL,United States,Consumer
CUST-1159,Victoria,Taylor,Jacksonville,MI,United States,Consumer
CUST-1160,Mia,Lee,Chicago,MI,United States,Consumer
CUST-1161,Victoria,Smith,Phoenix,GA,United States,Consumer
CUST-1162,David,Wilson,Phoenix,NY,United States,Corporate
CUST-1163,Daniel,Smith,Jacksonville,TX,United States,Corporate
CUST-1164,Chris,Harris,Philadelphia,NY,United States,Consumer
CUST-1165,Laura,Martin,Chicago,NC,United States,Corporate
CUST-1166,David,Jones,San Jose,NY,United States,Corporate
CUST-1167,Ryan,Davis,Austin,GA,United States,Corporate
CUST-1168,Michael,Lee,Jacksonville,PA,United States,Consumer
CUST-1169,Sarah,Johnson,Chicago,GA,United States,Consumer
CUST-1170,Mia,Moore,Houston,OH,United States,Corporate
CUST-1171,Mia,Wilson,Chicago,NC,United States,Corporate
CUST-1172,Sofia,Harris,San Antonio,PA,United States,Home Office
CUST-1173,Maria,Brown,Denver,NC,United States,Corporate
CUST-1174,Victoria,Wilson,Philadelphia,IL,United States,Consumer
CUST-1175,Daniel,Lee,San Antonio,GA,United States,Corporate
CUST-1176,Brian,Miller,Dallas,PA,United States,Corporate
CUST-1177,Alex,Moore,New York,CA,United States,Corporate
CUST-1178,Chloe,Brown,Dallas,TX,United States,Corporate
CUST-1179,Laura,Taylor,Phoenix,FL,United States,Consumer
CUST-1180,David,Johnson,San Jose,FL,United States,Home Office
CUST-1181,Sarah,Brown,Los Angeles,MI,United States,Consumer
CUST-1182,Brian,Garcia,Denver,TX,United States,Corporate
CUST-1183,Sofia,Harris,Austin,TX,United States,Corporate
CUST-1184,Chloe,Anderson,Phoenix,NY,United States,Corporate
CUST-1185,Maria,Jackson,San Antonio,PA,United States,Home Office
CUST-1186,Daniel,Garcia,San Diego,TX,United States,Consumer
CUST-1187,Victoria,Jackson,Chicago,GA,United States,Consumer
CUST-1188,Chloe,Miller,San Jose,TX,United States,Home Office
CUST-1189,Sarah,Johnson,Los Angeles,TX,United States,Consumer
CUST-1190,Kevin,Smith,Denver,GA,United States,Consumer
CUST-1191,James,Johnson,Austin,OH,United States,Consumer
CUST-1192,Alex,Jackson,San Jose,CA,United States,Consumer
CUST-1193,Mia,White,San Antonio,TX,United States,Consumer
CUST-1194,Ryan,Martin,Los Angeles,MI,United States,Consumer
CUST-1195,Alex,Taylor,San Antonio,CA,United States,Corporate
CUST-1196,David,Thomas,Dallas,PA,United States,Consumer
CUST-1197,Sofia,Miller,Chicago,NC,United States,Consumer
CUST-1198,Michael,Taylor,Jacksonville,OH,United States,Corporate
CUST-1199,Olivia,Martin,Los Angeles,GA,United States,Corporate
CUST-1200,Maria,Miller,New York,MI,United States,Consumer
CUST-1201,David,Moore,Austin,IL,United States,Consumer
CUST-1202,James,Johnson,Philadelphia,CA,United States,Consumer
CUST-1203,Ryan,Brown,Houston,NC,United States,Consumer
CUST-1204,Natalie,Jones,Jacksonville,MI,United States,Consumer
CUST-1205,Maria,Jones,San Diego,CA,United States,Consumer
CUST-1206,Maria,Davis,Jacksonville,NY,United States,Consumer
CUST-1207,Maria,Taylor,Charlotte,TX,United States,Consumer
CUST-1208,Brian,Williams,Charlotte,TX,United States,Consumer
CUST-1209,Victoria,Davis,Los Angeles,FL,United States,Consumer
CUST-1210,Ryan,Anderson,Los Angeles,MI,United States,Consumer
CUST-1211,Michael,Johnson,San Jose,NY,United States,Consumer
CUST-1212,Daniel,Jones,Columbus,OH,United States,Consumer
CUST-1213,Natalie,Garcia,San Diego,FL,United States,Home Office
CUST-1214,Chris,Brown,Columbus,MI,United States,Consumer
CUST-1215,James,Martin,Los Angeles,CA,United States,Consumer
CUST-1216,Brian,Taylor,San Antonio,GA,United States,Corporate
CUST-1217,Chris,Wilson,Dallas,GA,United States,Consumer
CUST-1218,Victoria,Johnson,San Jose,NY,United States,Corporate
CUST-1219,David,Taylor,Philadelphia,OH,United States,Consumer
CUST-1220,Michael,Brown,Dallas,TX,United States,Corporate
CUST-1221,Jason,Davis,San Diego,FL,United States,Consumer
CUST-1222,Sarah,Jones,Austin,GA,United States,Consumer
CUST-1223,Maria,Johnson,Austin,PA,United States,Consumer
CUST-1224,Daniel,Anderson,San Jose,GA,United States,Consumer
CUST-1225,Natalie,Garcia,Chicago,CA,United States,Consumer
CUST-1226,David,Davis,Jacksonville,GA,United States,Consumer
CUST-1227,Chloe,Miller,Jacksonville,PA,United States,Consumer
CUST-1228,Alex,Davis,Los Angeles,FL,United States,Corporate
CUST-1229,Ryan,Davis,Los Angeles,GA,United States,Consumer
CUST-1230,Chloe,Jones,Houston,MI,United States,Consumer
CUST-1231,Olivia,Jones,San Diego,FL,United States,Corporate
CUST-1232,Michael,Anderson,Chicago,CA,United States,Corporate
CUST-1233,Daniel,Jones,Los Angeles,GA,United States,Consumer
CUST-1234,Alex,Davis,Denver,IL,United States,Corporate
CUST-1235,Victoria,Garcia,San Jose,NC,United States,Corporate
CUST-1236,Chloe,Thompson,San Diego,FL,United States,Consumer
CUST-1237,Daniel,Smith,Jacksonville,OH,United States,Corporate
CUST-1238,Laura,Anderson,San Antonio,MI,United States,Consumer
CUST-1239,Chris,Lee,Denver,CA,United States,Consumer
CUST-1240,Maria,Martin,Jacksonville,NC,United States,Consumer
CUST-1241,Ryan,Martin,Columbus,TX,United States,Consumer
CUST-1242,David,Moore,Columbus,CA,United States,Corporate
CUST-1243,Michael,Jones,Philadelphia,IL,United States,Consumer
CUST-1244,James,Martin,Austin,IL,United States,Consumer
CUST-1245,Brian,Lee,New York,GA,United States,Consumer
CUST-1246,Ryan,Garcia,Columbus,PA,United States,Corporate
CUST-1247,James,Williams,San Antonio,PA,United States,Consumer
CUST-1248,Chloe,Wilson,Jacksonville,MI,United States,Consumer
CUST-1249,David,Clark,Denver,PA,United States,Corporate
CUST-1250,Jason,Thomas,Denver,CA,United States,Consumer
CUST-1251,Kevin,Clark,New York,PA,United States,Consumer
CUST-1252,Natalie,Williams,Dallas,FL,United States,Consumer
CUST-1253,Laura,Moore,Los Angeles,GA,United States,Corporate
CUST-1254,Michael,Davis,Philadelphia,PA,United States,Corporate
CUST-1255,Chloe,Wilson,New York,TX,United States,Consumer
CUST-1256,Mia,Thompson,Dallas,TX,United States,Consumer
CUST-1257,Natalie,Taylor,San Diego,MI,United States,Consumer
CUST-1258,David,Miller,Denver,GA,United States,Consumer
CUST-1259,Emma,Taylor,Los Angeles,TX,United States,Consumer
CUST-1260,Chris,Martin,Chicago,FL,United States,Consumer
CUST-1261,James,Taylor,San Antonio,NC,United States,Home Office
CUST-1262,Olivia,White,San Diego,CA,United States,Consumer
CUST-1263,James,Davis,Charlotte,NC,United States,Corporate
CUST-1264,Brian,Anderson,Austin,PA,United States,Consumer
CUST-1265,Jason,Moore,San Diego,GA,United States,Consumer
CUST-1266,Sofia,Garcia,Columbus,IL,United States,Consumer
CUST-1267,Sofia,Johnson,Chicago,PA,United States,Consumer
CUST-1268,Victoria,Garcia,Jacksonville,NC,United States,Consumer
CUST-1269,Chris,Garcia,Houston,TX,United States,Consumer
CUST-1270,Brian,Jones,San Diego,IL,United States,Consumer
CUST-1271,Natalie,Johnson,Austin,PA,United States,Home Office
CUST-1272,Olivia,Harris,Dallas,NY,United States,Consumer
CUST-1273,James,Jackson,Denver,GA,United States,Corporate
CUST-1274,Alex,Jones,New York,NC,United States,Home Office
CUST-1275,Sofia,Martin,Denver,IL,United States,Home Office
CUST-1276,Chris,Lee,Jacksonville,GA,United States,Consumer
CUST-1277,Mia,Johnson,Chicago,NC,United States,Consumer
CUST-1278,Ryan,Clark,Charlotte,FL,United States,Consumer
CUST-1279,Alex,Johnson,San Jose,FL,United States,Consumer
CUST-1280,Daniel,Miller,New York,TX,United States,Consumer
CUST-1281,David,Thompson,San Antonio,FL,United States,Consumer
CUST-1282,Victoria,Thompson,New York,PA,United States,Consumer
CUST-1283,Olivia,Jackson,Philadelphia,CA,United States,Consumer
CUST-1284,Sofia,Harris,Charlotte,NC,United States,Consumer
CUST-1285,Chloe,Harris,Phoenix,NY,United States,Corporate
CUST-1286,Chloe,Jones,Charlotte,MI,United States,Consumer
CUST-1287,Michael,Taylor,San Diego,NC,United States,Home Office
CUST-1288,Brian,Jackson,Los Angeles,CA,United States,Consumer
CUST-1289,Chloe,Garcia,Dallas,GA,United States,Corporate
CUST-1290,Michael,Garcia,Charlotte,OH,United States,Consumer
CUST-1291,Maria,Taylor,Charlotte,MI,United States,Consumer
CUST-1292,Kevin,Davis,New York,CA,United States,Consumer
CUST-1293,Mia,Brown,Austin,IL,United States,Consumer
CUST-1294,Laura,Smith,Los Angeles,IL,United States,Consumer
CUST-1295,Victoria,Thomas,San Jose,GA,United States,Consumer
CUST-1296,Mia,Brown,Philadelphia,NC,United States,Corporate
CUST-1297,Daniel,Garcia,San Jose,CA,United States,Consumer
CUST-1298,Chris,Thomas,Chicago,CA,United States,Consumer
CUST-1299,Olivia,Johnson,Phoenix,IL,United States,Consumer
CUST-1300,Jason,Miller,Columbus,NY,United States,Corporate
CUST-1301,Emma,Moore,Philadelphia,PA,United States,Corporate
CUST-1302,Sofia,Wilson,Austin,PA,United States,Consumer
CUST-1303,Olivia,Jones,New York,NY,United States,Consumer
CUST-1304,Mia,White,Philadelphia,NY,United States,Consumer
CUST-1305,Jason,Davis,Charlotte,FL,United States,Corporate
CUST-1306,Victoria,Thompson,Charlotte,NC,United States,Corporate
CUST-1307,Sarah,White,San Diego,TX,United States,Consumer
CUST-1308,James,Martin,Philadelphia,IL,United States,Corporate
CUST-1309,Kevin,Clark,Dallas,PA,United States,Consumer
CUST-1310,James,Brown,Houston,NY,United States,Corporate
CUST-1311,Laura,Taylor,Chicago,FL,United States,Consumer
CUST-1312,Chloe,Brown,Los Angeles,CA,United States,Corporate
CUST-1313,Maria,Miller,Los Angeles,CA,United States,Corporate
CUST-1314,Brian,Johnson,San Diego,TX,United States,Home Office
CUST-1315,David,Taylor,Austin,CA,United States,Corporate
CUST-1316,Victoria,Miller,San Jose,FL,United States,Consumer
CUST-1317,James,Williams,Chicago,IL,United States,Home Office
CUST-1318,Olivia,Garcia,Charlotte,NC,United States,Corporate
CUST-1319,Laura,Thompson,San Jose,TX,United States,Consumer
CUST-1320,James,Thompson,Houston,FL,United States,Home Office
CUST-1321,Natalie,Smith,Jacksonville,TX,United States,Home Office
CUST-1322,Mia,Thomas,Jacksonville,MI,United States,Consumer
CUST-1323,Sarah,Garcia,Charlotte,PA,United States,Home Office
CUST-1324,Michael,Thompson,Houston,OH,United States,Consumer
CUST-1325,Sarah,Harris,Los Angeles,NC,United States,Consumer
CUST-1326,Sofia,Moore,Jacksonville,CA,United States,Consumer
CUST-1327,Sarah,Jackson,Phoenix,GA,United States,Corporate
CUST-1328,Kevin,Davis,Dallas,OH,United States,Consumer
CUST-1329,Michael,Williams,Denver,GA,United States,Home Office
CUST-1330,Emma,Smith,Austin,GA,United States,Corporate
CUST-1331,Kevin,Thompson,Austin,TX,United States,Consumer
CUST-1332,Ryan,Lee,Los Angeles,NY,United States,Consumer
CUST-1333,Alex,Miller,San Jose,OH,United States,Consumer
CUST-1334,Mia,Wilson,Columbus,MI,United States,Consumer
CUST-1335,Ryan,Thomas,San Diego,MI,United States,Home Office
CUST-1336,Jason,Wilson,Chicago,GA,United States,Consumer
CUST-1337,Mia,Martin,Houston,NY,United States,Consumer
CUST-1338,David,Martin,Austin,CA,United States,Home Office
CUST-1339,Victoria,Anderson,Chicago,IL,United States,Corporate
CUST-1340,David,Thompson,Columbus,GA,United States,Corporate
CUST-1341,Sofia,Martin,San Diego,NC,United States,Consumer
CUST-1342,Natalie,Moore,New York,CA,United States,Home Office
CUST-1343,Ryan,Harris,Philadelphia,OH,United States,Consumer
CUST-1344,Maria,Garcia,Dallas,IL,United States,Corporate
CUST-1345,Mia,White,Chicago,IL,United States,Corporate
CUST-1346,Sarah,Lee,Austin,GA,United States,Corporate
CUST-1347,Natalie,Lee,San Diego,GA,United States,Consumer
CUST-1348,Jason,Johnson,San Antonio,IL,United States,Consumer
CUST-1349,Victoria,Thomas,Columbus,IL,United States,Consumer
CUST-1350,Brian,Johnson,Chicago,PA,United States,Consumer
CUST-1351,James,Anderson,San Antonio,TX,United States,Consumer
CUST-1352,Chloe,Thomas,New York,FL,United States,Consumer
CUST-1353,Sofia,Lee,Los Angeles,TX,United States,Corporate
CUST-1354,Alex,Garcia,New York,NC,United States,Consumer
CUST-1355,Chloe,Lee,Dallas,OH,United States,Consumer
CUST-1356,Mia,Lee,New York,PA,United States,Consumer
CUST-1357,Alex,Lee,Los Angeles,GA,United States,Consumer
CUST-1358,Michael,Anderson,San Diego,NC,United States,Corporate
CUST-1359,Alex,Garcia,San Jose,IL,United States,Consumer
CUST-1360,Michael,Martin,Austin,TX,United States,Corporate
CUST-1361,Michael,Taylor,Phoenix,CA,United States,Consumer
CUST-1362,Ryan,Davis,San Jose,TX,United States,Corporate
CUST-1363,Sarah,Lee,Philadelphia,IL,United States,Consumer
CUST-1364,Mia,White,Houston,PA,United States,Corporate
CUST-1365,Sofia,Thompson,Columbus,IL,United States,Consumer
CUST-1366,Alex,Miller,San Antonio,OH,United States,Consumer
CUST-1367,Kevin,Moore,Chicago,CA,United States,Corporate
CUST-1368,Emma,Lee,San Diego,FL,United States,Corporate
CUST-1369,Daniel,Moore,Columbus,MI,United States,Corporate
CUST-1370,Brian,Johnson,Dallas,FL,United States,Consumer
CUST-1371,Laura,Jones,Jacksonville,IL,United States,Corporate
CUST-1372,Alex,Williams,Austin,FL,United States,Corporate
CUST-1373,Sofia,Garcia,Phoenix,MI,United States,Consumer
CUST-1374,Sarah,Jones,Houston,CA,United States,Consumer
CUST-1375,Kevin,Martin,Dallas,OH,United States,Consumer
CUST-1376,Michael,Garcia,Phoenix,NY,United States,Consumer
CUST-1377,Natalie,Garcia,Austin,CA,United States,Home Office
CUST-1378,James,Johnson,Charlotte,TX,United States,Consumer
CUST-1379,David,White,Denver,PA,United States,Corporate
CUST-1380,Ryan,Jones,Houston,TX,United States,Consumer
CUST-1381,Sarah,Thompson,Austin,MI,United States,Home Office
CUST-1382,Daniel,Martin,Denver,TX,United States,Consumer
CUST-1383,Alex,Anderson,Charlotte,MI,United States,Corporate
CUST-1384,Chloe,Miller,Chicago,TX,United States,Consumer
CUST-1385,Kevin,White,Phoenix,MI,United States,Consumer
CUST-1386,Olivia,Brown,Philadelphia,NC,United States,Consumer
CUST-1387,Laura,Wilson,Denver,NY,United States,Consumer
CUST-1388,Sofia,Smith,Austin,MI,United States,Consumer
CUST-1389,Maria,Davis,Phoenix,NC,United States,Consumer
CUST-1390,Olivia,Brown,Dallas,FL,United States,Corporate
CUST-1391,James,Jackson,Denver,IL,United States,Consumer
CUST-1392,Sofia,Miller,Charlotte,NY,United States,Home Office
CUST-1393,Alex,White,Columbus,CA,United States,Consumer
CUST-1394,Mia,Martin,Jacksonville,OH,United States,Home Office
CUST-1395,Chloe,Brown,Charlotte,NY,United States,Corporate
CUST-1396,David,Thomas,San Antonio,MI,United States,Corporate
CUST-1397,Alex,Harris,Jacksonville,CA,United States,Corporate
CUST-1398,Emma,Harris,Columbus,NY,United States,Consumer
CUST-1399,Sofia,Anderson,San Jose,TX,United States,Consumer
CUST-1400,Jason,Jones,Charlotte,MI,United States,Corporate
CUST-1401,Kevin,Martin,Charlotte,NY,United States,Consumer
CUST-1402,Brian,Anderson,Columbus,IL,United States,Consumer
CUST-1403,Olivia,Garcia,San Antonio,OH,United States,Home Office
CUST-1404,Laura,Smith,New York,NC,United States,Corporate
CUST-1405,Laura,Williams,San Diego,FL,United States,Consumer
CUST-1406,Maria,Jackson,San Jose,OH,United States,Corporate
CUST-1407,David,Thomas,Chicago,MI,United States,Consumer
CUST-1408,Chloe,Harris,Charlotte,GA,United States,Consumer
CUST-1409,Michael,Miller,Charlotte,IL,United States,Consumer
CUST-1410,Ryan,Jones,San Antonio,FL,United States,Corporate
CUST-1411,Michael,White,Chicago,OH,United States,Corporate
CUST-1412,Sofia,Wilson,Houston,MI,United States,Consumer
CUST-1413,Olivia,Lee,Austin,GA,United States,Consumer
CUST-1414,Chris,Anderson,Jacksonville,OH,United States,Corporate
CUST-1415,Ryan,White,Jacksonville,MI,United States,Consumer
CUST-1416,Natalie,Johnson,New York,PA,United States,Home Office
CUST-1417,Olivia,Clark,Austin,MI,United States,Corporate
CUST-1418,James,Wilson,Dallas,MI,United States,Consumer
CUST-1419,Olivia,Jones,Denver,NC,United States,Consumer
CUST-1420,Daniel,Garcia,Dallas,GA,United States,Home Office
CUST-1421,Chris,Williams,Philadelphia,NC,United States,Consumer
CUST-1422,Sarah,Anderson,New York,NY,United States,Consumer
CUST-1423,Olivia,White,Phoenix,IL,United States,Corporate
CUST-1424,Jason,Anderson,San Antonio,NY,United States,Consumer
CUST-1425,Chris,Moore,Charlotte,GA,United States,Consumer
CUST-1426,Maria,Davis,Chicago,CA,United States,Consumer
CUST-1427,Kevin,White,Los Angeles,GA,United States,Consumer
CUST-1428,Natalie,Martin,San Diego,GA,United States,Consumer
CUST-1429,Sarah,Thomas,Los Angeles,FL,United States,Corporate
CUST-1430,Emma,Thompson,Charlotte,IL,United States,Consumer
CUST-1431,Brian,Miller,San Jose,CA,United States,Consumer
CUST-1432,Emma,White,Denver,TX,United States,Consumer
CUST-1433,Sarah,Anderson,New York,IL,United States,Corporate
CUST-1434,Sarah,Jackson,Philadelphia,MI,United States,Home Office
CUST-1435,Alex,Jones,New York,TX,United States,Consumer
CUST-1436,Mia,Harris,Austin,IL,United States,Consumer
CUST-1437,Alex,Johnson,Austin,MI,United States,Home Office
CUST-1438,Brian,Jones,Houston,CA,United States,Corporate
CUST-1439,Alex,Johnson,Jacksonville,TX,United States,Consumer
CUST-1440,Ryan,Williams,San Antonio,IL,United States,Consumer
CUST-1441,David,Smith,Charlotte,FL,United States,Consumer
CUST-1442,Sofia,Jones,Los Angeles,IL,United States,Consumer
CUST-1443,Sofia,Clark,Chicago,PA,United States,Corporate
CUST-1444,Jason,Miller,San Diego,GA,United States,Corporate
CUST-1445,Daniel,Lee,San Jose,OH,United States,Consumer
CUST-1446,Olivia,Clark,Chicago,OH,United States,Corporate
CUST-1447,Maria,Thompson,Philadelphia,GA,United States,Corporate
CUST-1448,Chris,Martin,Dallas,NC,United States,Consumer
CUST-1449,Chloe,Williams,Denver,GA,United States,Consumer
CUST-1450,Sofia,Davis,Dallas,OH,United States,Consumer
CUST-1451,Natalie,Williams,Denver,CA,United States,Consumer
CUST-1452,Chloe,White,Los Angeles,GA,United States,Corporate
CUST-1453,Daniel,Thomas,Phoenix,MI,United States,Consumer
CUST-1454,James,Brown,Jacksonville,GA,United States,Consumer
CUST-1455,Ryan,Johnson,Los Angeles,OH,United States,Corporate
CUST-1456,Alex,Lee,Jacksonville,GA,United States,Corporate
CUST-1457,Victoria,Wilson,Philadelphia,NY,United States,Consumer
CUST-1458,Victoria,Wilson,Charlotte,TX,United States,Consumer
CUST-1459,James,Jackson,Los Angeles,CA,United States,Consumer
CUST-1460,Kevin,Jackson,Charlotte,MI,United States,Corporate
CUST-1461,Victoria,Clark,Philadelphia,OH,United States,Corporate
CUST-1462,Chris,Jones,New York,FL,United States,Consumer
CUST-1463,Michael,Smith,Houston,GA,United States,Corporate
CUST-1464,Laura,White,Charlotte,NC,United States,Consumer
CUST-1465,Kevin,Jones,San Diego,OH,United States,Consumer
CUST-1466,Chris,Harris,San Diego,GA,United States,Consumer
CUST-1467,Brian,Davis,Houston,IL,United States,Consumer
CUST-1468,Maria,Anderson,New York,TX,United States,Corporate
CUST-1469,Chloe,White,Charlotte,GA,United States,Corporate
CUST-1470,Natalie,Taylor,New York,GA,United States,Consumer
CUST-1471,Brian,Clark,Denver,GA,United States,Consumer
CUST-1472,Jason,Smith,San Antonio,MI,United States,Consumer
CUST-1473,Daniel,White,Denver,GA,United States,Consumer
CUST-1474,Olivia,Harris,Jacksonville,OH,United States,Consumer
CUST-1475,Michael,Martin,Philadelphia,GA,United States,Consumer
CUST-1476,Brian,Anderson,Denver,MI,United States,Corporate
CUST-1477,Kevin,Jones,Denver,IL,United States,Corporate
CUST-1478,Chloe,Thomas,Columbus,GA,United States,Corporate
CUST-1479,Victoria,Miller,Phoenix,TX,United States,Corporate
CUST-1480,Emma,Miller,Chicago,MI,United States,Consumer
CUST-1481,Mia,Taylor,Houston,FL,United States,Consumer
CUST-1482,Olivia,Wilson,Philadelphia,NY,United States,Consumer
CUST-1483,Maria,Williams,Philadelphia,OH,United States,Consumer
CUST-1484,Sarah,Moore,Houston,GA,United States,Consumer
CUST-1485,Olivia,Johnson,Columbus,NC,United States,Consumer
CUST-1486,Jason,Clark,Austin,TX,United States,Corporate
CUST-1487,Kevin,Brown,Los Angeles,MI,United States,Corporate
CUST-1488,Natalie,Johnson,Dallas,TX,United States,Consumer
CUST-1489,Michael,Thomas,Chicago,IL,United States,Corporate
CUST-1490,Mia,Brown,Chicago,PA,United States,Consumer
CUST-1491,Sarah,Miller,San Diego,OH,United States,Corporate
CUST-1492,Laura,Martin,Philadelphia,IL,United States,Consumer
CUST-1493,Daniel,Thomas,Jacksonville,OH,United States,Consumer
CUST-1494,Laura,Jones,Columbus,NC,United States,Consumer
CUST-1495,Chris,White,San Antonio,OH,United States,Corporate
CUST-1496,Olivia,Smith,San Diego,NY,United States,Corporate
CUST-1497,David,Williams,Philadelphia,PA,United States,Consumer
CUST-1498,Chloe,Johnson,San Antonio,CA,United States,Corporate
CUST-1499,Chris,Lee,New York,NC,United States,Home Office
CUST-1500,Ryan,Moore,Charlotte,IL,United States,Corporate
